,,Name,1,2,3,4,5,6,7,8,9,10,11,12,13,14,15,16,17,18,19,20,21,22,23,24,25,26,27,28,29,30,31,32,33,34,35,36,37,38
#,Icon,Name,Red,Green,Blue,Yellow,Gold,Silver,Crystal,Ruby,Saphire,Fire Red,Leaf Green,Emerald,Diamond,Pearl,Platinum,Heart Gold,Soul Silver,Black,White,Black 2,White 2,X,Y,Omega Ruby,Alpha Saphire,Sun,Moon,Ultra Sun,Ultra Moon,Let's Go Pikachu,Let's Go Eevee,Sword,Shield,Brilliant Diamond,Shining Pearl,Legends Arceus,Scarlet,Violet
1,,Bulbasaur,R,R,R,R,Ev,Ev,Ev,Ev,Ev,R,R,Ev,T,T,T,R,R,Ev,Ev,Ev,Ev,R,R,Ev,Ev,T,T,S,S,C,C,RD,RD,C,C,—,CD,CD
2,,Ivysaur,E,E,E,E,EvE,EvE,EvE,EvE,EvE,E,E,EvE,T,T,T,E,E,EvE,EvE,EvE,EvE,E,E,EvE,EvE,T,T,E,E,E,E,DA,DA,E,E,—,ED,ED
3,,Venusaur,E,E,E,E,Ev,Ev,Ev,EvE,EvE,E,E,EvE,T,T,T,E,E,EvE,EvE,EvE,EvE,E,E,Ev,Ev,T,T,E,E,E,E,DD,DD,E,E,—,ED,ED
4,,Charmander,R,R,R,R,Ev,Ev,Ev,Ev,Ev,R,R,Ev,Ev,Ev,Ev,R,R,Ev,Ev,Ev,Ev,R,R,Ev,Ev,EvB,EvB,S,S,C,C,R,R,C,C,—,CD,CD
5,,Charmeleon,E,E,E,E,EvE,EvE,EvE,EvE,EvE,E,E,EvE,EvE,EvE,EvE,E,E,EvE,EvE,EvE,EvE,E,E,EvE,EvE,EvB,EvB,E,E,E,E,D,D,E,E,—,ED,ED
6,,Charizard,E,E,E,E,Ev,Ev,Ev,Ev,Ev,E,E,Ev,EvE,EvE,EvE,E,E,EvE,EvE,EvE,EvE,E,E,Ev,Ev,Ev,Ev,E,E,C,C,D,D,E,E,—,ED,ED
7,,Squirtle,R,R,R,R,Ev,Ev,Ev,Ev,Ev,R,R,Ev,T,T,T,R,R,Ev,Ev,Ev,Ev,R,R,Ev,Ev,T,T,S,S,C,C,RD,RD,C,C,—,CD,CD
8,,Wartortle,E,E,E,E,EvE,EvE,EvE,EvE,EvE,E,E,EvE,T,T,T,E,E,EvE,EvE,EvE,EvE,E,E,EvE,EvE,T,T,E,E,E,E,DA,DA,E,E,—,ED,ED
9,,Blastoise,E,E,E,E,Ev,Ev,Ev,Ev,Ev,E,E,Ev,T,T,T,E,E,EvE,EvE,EvE,EvE,E,E,Ev,Ev,T,T,E,E,E,E,DD,DD,E,E,—,ED,ED
10,,Caterpie,C,C,C,C,C,C,C,T,T,C,C,T,D,D,D,C,C,DWB,B,T,B,C,C,T,T,C,C,C,C,C,C,C,C,C,T,—,—,—
11,,Metapod,C,C,C,C,C,C,C,T,T,C,C,T,D,D,D,C,C,DWB,C,T,B,E,C,T,T,C,C,C,C,C,C,C,C,E,T,—,—,—
12,,Butterfree,E,E,E,E,C,C,C,T,T,E,E,T,DE,DE,DE,C,C,DW,C,T,C,E,E,T,T,C,C,C,C,C,E,C,C,E,T,—,—,—
13,,Weedle,C,C,C,T,C,C,C,T,T,C,C,T,D,D,D,C,C,B,DWB,B,T,C,C,B,B,T,T,B,B,C,C,—,—,T,C,—,—,—
14,,Kakuna,C,C,C,T,C,C,C,T,T,C,C,T,D,D,D,C,C,C,DWB,B,T,C,E,C,C,T,T,B,B,C,C,—,—,T,E,—,—,—
15,,Beedrill,E,E,E,T,C,C,C,T,T,E,E,T,DE,DE,DE,C,C,C,DW,C,T,E,E,E,E,T,T,S,S,E,C,—,—,T,E,—,—,—
16,,Pidgey,C,C,C,C,C,C,C,T,T,C,C,T,S,S,C,C,C,DW,C,DW,DW,C,C,B,B,T,T,B,B,C,C,—,—,S,S,—,—,—
17,,Pidgeotto,C,C,C,C,C,C,C,T,T,C,C,T,E,E,E,C,C,DWE,E,DWE,DWE,E,E,C,C,T,T,B,B,C,C,—,—,E,E,—,—,—
18,,Pidgeot,E,E,E,E,E,E,E,T,T,E,E,T,E,E,E,E,E,DWE,E,DWE,DWE,E,E,E,E,T,T,S,S,C,C,—,—,E,E,—,—,—
19,,Rattata,C,C,C,C,C,C,C,T,T,C,C,T,C,C,C,C,C,B,B,C,C,T,T,C,C,T,T,T,T,C,C,—,—,C,C,—,—,—
19,,"Rattata
(Alolan Form)",—,—,—,—,—,—,—,—,—,—,—,—,—,—,—,—,—,—,—,—,—,—,—,—,—,C,C,C,C,R,R,—,—,—,—,—,—,—
20,,Raticate,C,C,C,C,C,C,C,T,T,C,C,T,C,C,C,C,C,C,C,C,C,T,T,C,C,T,T,T,T,C,C,—,—,C,C,—,—,—
20,,"Raticate
(Alolan Form)",—,—,—,—,—,—,—,—,—,—,—,—,—,—,—,—,—,—,—,—,—,—,—,—,—,C,C,C,C,E,E,—,—,—,—,—,—,—
21,,Spearow,C,C,C,C,C,C,C,T,T,C,C,T,C,C,C,C,C,B,B,B,B,B,B,T,T,C,C,C,C,C,C,—,—,C,C,—,—,—
22,,Fearow,C,C,C,C,C,C,C,T,T,C,C,T,C,C,C,C,C,C,C,S,S,C,C,T,T,C,C,C,C,C,C,—,—,C,C,—,—,—
23,,Ekans,C,T,T,T,R,C,C,Ev,Ev,C,Ev,Ev,D,D,D,C,C,DW,DW,DW,DW,C,C,T,T,T,T,C,C,T,C,—,—,C,T,—,CD,CD
24,,Arbok,C,T,T,T,E,C,C,EvE,EvE,C,EvE,EvE,D,D,D,C,C,DWE,DWE,DWE,DWE,C,C,T,T,T,T,R,R,T,C,—,—,E,T,—,CD,CD
25,,Pikachu,C,C,C,R,C,C,C,C,C,C,C,C,C,C,C,C,C,Ev,Ev,Ev,Ev,C,C,C,C,C,C,C,C,C,C,C,C,C,C,C,C,C
26,,Raichu,C,C,C,EvE,E,E,E,E,E,E,E,E,E,E,E,E,E,EvE,EvE,EvE,EvE,E,E,E,E,T,T,E,E,E,E,D,D,E,E,C,C,C
26,,"Raichu
(Alolan Form)",—,—,—,—,—,—,—,—,—,—,—,—,—,—,—,—,—,—,—,—,—,—,—,—,—,E,E,E,E,R,R,RD,RD,—,—,—,T,T
27,,Sandshrew,T,C,C,C,C,R,C,C,C,Ev,C,C,D,D,D,C,C,B,B,C,C,B,B,C,C,T,T,T,T,C,T,CD,CD,T,C,—,CD,CD
27,,"Sandshrew
(Alolan Form)",—,—,—,—,—,—,—,—,—,—,—,—,—,—,—,—,—,—,—,—,—,—,—,—,—,T,C,T,C,R,T,RD,RD,—,—,—,CCD,CD
28,,Sandslash,T,C,C,C,C,E,C,E,E,EvE,C,E,D,D,D,C,C,C,C,C,C,C,C,E,E,T,T,T,T,E,T,CD,CD,T,C,—,CD,CD
28,,"Sandslash
(Alolan Form)",—,—,—,—,—,—,—,—,—,—,—,—,—,—,—,—,—,—,—,—,—,—,—,—,—,T,E,T,E,E,T,ED,ED,—,—,—,CCD,CD
29,,Nidoran♀,C,C,C,C,C,C,C,T,T,C,C,T,C,C,C,C,C,DW,C,C,C,C,C,T,T,T,T,EvB,EvB,C,C,CD,CD,C,C,—,—,—
30,,Nidorina,C,C,C,C,C,C,C,T,T,C,C,T,C,C,C,C,C,DWE,E,E,E,C,C,T,T,T,T,EvB,EvB,C,C,CD,CD,C,C,—,—,—
31,,Nidoqueen,E,E,E,E,E,E,E,T,T,E,E,T,E,E,E,E,E,DWE,E,E,E,E,E,T,T,T,T,EvB,EvB,C,C,CD,CD,E,E,—,—,—
32,,Nidoran♂,C,C,C,C,C,C,C,T,T,C,C,T,C,C,C,C,C,DW,C,C,C,C,C,T,T,T,T,EvB,EvB,C,C,CD,CD,C,C,—,—,—
33,,Nidorino,C,C,C,C,C,C,C,T,T,C,C,T,C,C,C,C,C,DWE,E,E,E,C,C,T,T,T,T,EvB,EvB,C,C,CD,CD,C,C,—,—,—
34,,Nidoking,E,E,E,E,E,E,E,T,T,E,E,T,E,E,E,E,E,DWE,E,E,E,E,E,T,T,T,T,Ev,Ev,C,C,CD,CD,E,E,—,—,—
35,,Clefairy,C,C,C,C,C,C,C,T,T,C,C,T,C,C,C,C,C,C,C,C,C,FS,FS,C,C,C,C,C,C,C,C,C,C,C,C,C,CD,CD
36,,Clefable,E,E,R,E,E,E,E,T,T,E,E,T,E,E,E,E,E,C,C,C,C,FSE,FSE,E,E,E,E,E,E,C,C,C,C,E,E,C,CD,CD
37,,Vulpix,T,C,T,R,T,C,T,C,C,Ev,C,C,D,D,D,T,C,C,C,C,C,FSB,FSB,C,C,T,T,T,T,T,C,C,C,T,C,C,CD,CD
37,,"Vulpix
(Alolan Form)",—,—,—,—,—,—,—,—,—,—,—,—,—,—,—,—,—,—,—,—,—,—,—,—,—,C,Ev,C,T,T,R,RD,RD,—,—,R,CD,CCD
38,,Ninetales,T,E,T,E,T,E,T,E,E,EvE,E,E,DE,DE,DE,T,E,C,C,C,C,FS,FS,E,E,T,T,T,T,T,C,C,D,T,E,C,CD,CD
38,,"Ninetales
(Alolan Form)",—,—,—,—,—,—,—,—,—,—,—,—,—,—,—,—,—,—,—,—,—,—,—,—,—,E,EvE,E,T,T,E,ED,ED,—,—,E,CD,CCD
39,,Jigglypuff,C,C,C,C,C,C,C,C,C,C,C,C,S,S,S,C,C,C,C,C,C,C,C,C,C,C,C,C,C,C,C,CD,CD,S,S,—,C,C
40,,Wigglytuff,C,C,C,R,E,E,E,E,E,E,E,E,E,E,E,E,E,C,C,C,C,E,E,E,E,E,E,E,E,E,E,CD,CD,E,E,—,C,C
41,,Zubat,C,C,C,C,C,C,C,C,C,C,C,C,C,C,C,C,C,B,B,C,C,C,C,C,C,C,C,C,C,C,C,CD,CD,C,C,C,—,—
42,,Golbat,C,C,C,C,C,C,C,C,C,C,C,C,C,C,C,C,C,C,C,C,C,E,E,C,C,C,C,C,C,C,C,CD,CD,C,C,C,—,—
43,,Oddish,C,T,C,C,C,C,C,C,C,C,Ev,C,C,C,C,C,C,DW,C,DW,DW,C,C,C,C,T,T,T,T,C,T,C,C,C,C,—,CD,CD
44,,Gloom,C,T,C,C,C,C,C,C,C,C,EvE,C,C,C,C,C,C,DWE,E,DWE,DWE,E,E,C,C,T,T,T,T,C,T,C,C,C,C,—,CD,CD
45,,Vileplume,E,T,E,E,E,E,E,E,E,E,EvE,E,E,E,E,E,E,DWE,E,DWE,DWE,E,E,E,E,T,T,T,T,C,T,C,C,E,E,—,CD,CD
46,,Paras,C,C,C,C,C,C,C,T,T,C,C,T,S,S,S,C,C,DW,S,DW,DW,FS,FS,C,C,C,C,C,C,C,C,—,—,S,S,C,—,—
47,,Parasect,C,C,C,C,E,E,C,T,T,C,C,T,E,E,E,C,C,DWE,E,DWE,DWE,FSE,FSE,E,E,E,E,C,C,E,E,—,—,E,E,C,—,—
48,,Venonat,C,C,C,C,C,C,C,T,T,C,C,T,C,C,C,C,C,B,B,C,C,FSB,FSB,B,B,T,T,T,T,C,C,—,—,C,C,—,C,C
49,,Venomoth,C,C,C,C,C,C,C,T,T,C,C,T,C,C,C,C,C,C,C,E,E,FS,FS,C,C,T,T,T,T,C,C,—,—,C,C,—,C,C
50,,Diglett,C,C,C,C,C,C,C,T,T,C,C,T,C,C,C,C,C,DW,DW,DW,DW,B,B,C,C,T,T,T,T,C,C,C,C,C,C,—,C,C
50,,"Diglett
(Alolan Form)",—,—,—,—,—,—,—,—,—,—,—,—,—,—,—,—,—,—,—,—,—,—,—,—,—,C,C,C,C,R,R,RD,RD,—,—,—,CD,CD
51,,Dugtrio,C,C,C,C,C,C,C,T,T,C,C,T,C,C,C,C,C,DWE,DWE,DWE,DWE,C,C,E,E,T,T,T,T,C,C,C,C,C,C,—,C,C
51,,"Dugtrio
(Alolan Form)",—,—,—,—,—,—,—,—,—,—,—,—,—,—,—,—,—,—,—,—,—,—,—,—,—,C,C,C,C,E,E,ED,ED,—,—,—,CD,CD
52,,Meowth,T,C,C,T,T,C,C,Ev,Ev,C,C,R,S,S,S,T,C,DW,DW,R,R,T,T,B,B,T,T,T,T,T,C,R,R,S,S,—,C,C
52,,"Meowth
(Alolan Form)",—,—,—,—,—,—,—,—,—,—,—,—,—,—,—,—,—,—,—,—,—,—,—,—,—,C,C,C,C,T,R,RD,RD,—,—,—,T,T
52,,"Meowth
(Galarian Form)",—,—,—,—,—,—,—,—,—,—,—,—,—,—,—,—,—,—,—,—,—,—,—,—,—,—,—,—,—,—,—,C,C,—,—,—,R,R
53,,Persian,T,E,E,T,T,C,C,EvE,EvE,C,C,E,E,E,E,T,C,DWE,DWE,E,E,T,T,C,C,T,T,T,T,R,E,E,E,E,E,—,C,C
53,,"Persian
(Alolan Form)",—,—,—,—,—,—,—,—,—,—,—,—,—,—,—,—,—,—,—,—,—,—,—,—,—,E,E,C,C,T,E,ED,ED,—,—,—,T,T
54,,Psyduck,C,C,C,C,C,C,C,C,C,C,Ev,C,C,C,C,C,C,B,B,C,C,C,C,C,C,C,C,C,C,C,C,CD,CD,C,C,C,C,C
55,,Golduck,C,C,E,C,C,C,C,C,C,C,EvE,C,C,C,C,C,C,C,C,C,C,E,E,E,E,C,C,C,C,C,C,CD,CD,E,E,C,C,C
56,,Mankey,C,T,T,C,C,T,T,T,T,C,C,T,C,C,C,C,T,S,S,R,R,FS,FS,C,C,C,C,C,C,C,T,—,—,C,C,—,C,C
57,,Primeape,E,T,T,C,C,T,T,T,T,C,C,T,C,C,C,C,T,E,E,E,E,FSE,FSE,E,E,C,C,C,C,E,T,—,—,C,C,—,C,C
58,,Growlithe,C,T,C,C,C,T,C,Ev,Ev,C,Ev,Ev,D,D,D,C,T,DW,DW,C,C,FS,FS,C,C,C,C,C,C,C,T,C,C,C,T,—,C,C
58,,"Growlithe
(Hisuian Form)",—,—,—,—,—,—,—,—,—,—,—,—,—,—,—,—,—,—,—,—,—,—,—,—,—,—,—,—,—,—,—,—,—,—,—,C,RD,RD
59,,Arcanine,E,T,E,E,E,T,E,EvE,EvE,E,EvE,EvE,DE,DE,DE,E,T,DWE,DWE,E,E,FSE,FSE,E,E,E,E,E,E,C,R,D,C,E,T,—,C,C
59,,"Arcanine
(Hisuian Form)",—,—,—,—,—,—,—,—,—,—,—,—,—,—,—,—,—,—,—,—,—,—,—,—,—,—,—,—,—,—,—,—,—,—,—,C,ED,ED
60,,Poliwag,C,C,C,C,C,C,C,T,T,C,C,T,C,C,C,C,C,C,C,C,C,C,C,T,T,C,C,C,C,C,C,CD,CD,C,C,—,CD,CD
61,,Poliwhirl,C,C,C,C,C,C,C,T,T,C,C,T,C,C,C,C,C,C,C,C,C,C,C,T,T,R,R,C,C,C,C,CD,CD,C,C,—,CD,CD
62,,Poliwrath,E,E,E,E,E,E,E,T,T,E,E,T,E,E,E,E,E,C,C,C,C,C,C,T,T,C,C,C,C,C,C,CD,CD,E,E,—,CD,CD
63,,Abra,C,C,C,C,C,C,C,C,C,C,C,C,C,C,C,C,C,DW,C,B,B,C,C,C,C,C,C,C,C,C,C,CD,CD,C,C,C,—,—
64,,Kadabra,C,C,C,C,C,C,C,E,E,C,C,E,C,C,C,C,C,DW,E,B,B,E,E,E,E,C,C,E,E,C,C,CD,CD,C,C,C,—,—
65,,Alakazam,ET,ET,ET,ET,ET,ET,ET,ET,ET,ET,ET,ET,ET,ET,ET,ET,ET,DWET,ET,R,R,ET,ET,ET,ET,ET,ET,ET,ET,ET,ET,CD,CD,ET,ET,C,—,—
66,,Machop,C,C,C,C,C,C,C,C,C,C,C,C,C,C,C,C,C,DW,C,DW,DW,C,C,C,C,C,C,C,C,C,C,C,C,C,C,C,—,—
67,,Machoke,C,C,C,C,C,C,C,E,E,C,C,E,C,C,C,C,C,DWE,E,DWE,DWE,E,E,E,E,C,C,C,C,C,C,C,C,C,C,C,—,—
68,,Machamp,ET,ET,ET,R,ET,ET,ET,ET,ET,ET,ET,ET,ET,ET,ET,ET,ET,DWET,ET,DWET,DWET,ET,ET,ET,ET,ET,ET,ET,ET,ET,ET,C,C,ET,ET,C,—,—
69,,Bellsprout,T,C,T,C,C,C,C,Ev,Ev,Ev,C,Ev,C,C,C,C,C,DW,C,DW,DW,C,C,T,T,S,S,T,T,T,C,—,—,C,C,—,CD,CD
70,,Weepinbell,T,C,T,C,C,C,C,EvE,EvE,EvE,C,EvE,C,C,C,C,C,DWE,E,DWE,DWE,C,C,T,T,E,E,T,T,T,C,—,—,C,C,—,CD,CD
71,,Victreebel,T,E,T,E,E,E,E,EvE,EvE,EvE,E,EvE,E,E,E,E,E,DWE,E,DWE,DWE,E,E,T,T,E,E,T,T,T,C,—,—,E,E,—,CD,CD
72,,Tentacool,C,C,C,C,C,C,C,C,C,C,C,C,C,C,C,C,C,DW,DW,DW,DW,C,C,C,C,C,C,C,C,C,C,CD,CD,C,C,C,CD,CD
73,,Tentacruel,E,E,E,C,C,C,C,C,C,C,C,C,C,C,C,C,C,DWE,DWE,DWE,DWE,E,E,C,C,C,C,C,C,C,C,CD,CD,C,C,C,CD,CD
74,,Geodude,C,C,C,C,C,C,C,C,C,C,C,C,C,C,C,C,C,B,B,DW,DW,C,C,C,C,T,T,T,T,C,C,—,—,C,C,C,CD,CD
74,,"Geodude
(Alolan Form)",—,—,—,—,—,—,—,—,—,—,—,—,—,—,—,—,—,—,—,—,—,—,—,—,—,C,C,B,B,R,R,—,—,—,—,—,CD,CD
75,,Graveler,C,C,C,C,C,C,C,C,C,C,C,C,C,C,C,C,C,C,C,DWE,DWE,C,C,C,C,T,T,T,T,C,C,—,—,C,C,C,CD,CD
75,,"Graveler
(Alolan Form)",—,—,—,—,—,—,—,—,—,—,—,—,—,—,—,—,—,—,—,—,—,—,—,—,—,C,C,C,C,E,E,—,—,—,—,—,CD,CD
76,,Golem,ET,ET,R,ET,ET,ET,ET,ET,ET,ET,ET,ET,ET,ET,ET,ET,ET,ET,ET,DWET,DWET,ET,ET,ET,ET,T,T,T,T,ET,ET,—,—,ET,ET,C,CD,CD
76,,"Golem
(Alolan Form)",—,—,—,—,—,—,—,—,—,—,—,—,—,—,—,—,—,—,—,—,—,—,—,—,—,R,R,ET,ET,ET,ET,—,—,—,—,—,CD,CD
77,,Ponyta,C,C,C,C,C,C,C,T,T,C,C,T,C,C,C,C,C,B,B,DW,DW,FS,FS,C,C,T,T,T,T,C,C,T,RD,C,C,C,—,—
77,,"Ponyta
(Galarian Form)",—,—,—,—,—,—,—,—,—,—,—,—,—,—,—,—,—,—,—,—,—,—,—,—,—,—,—,—,—,—,—,T,C,—,—,—,—,—
78,,Rapidash,E,E,C,E,C,C,C,T,T,C,C,T,E,E,E,C,C,C,C,DWE,DWE,FSE,FSE,E,E,T,T,T,T,C,C,T,ED,E,E,C,—,—
78,,"Rapidash
(Galarian Form)",—,—,—,—,—,—,—,—,—,—,—,—,—,—,—,—,—,—,—,—,—,—,—,—,—,—,—,—,—,—,—,T,D,—,—,—,—,—
79,,Slowpoke,C,C,C,C,C,C,C,Ev,Ev,Ev,C,Ev,T,C,C,C,C,C,C,S,S,C,C,C,C,C,C,C,C,C,C,RD,RD,T,C,—,C,C
79,,"Slowpoke
(Galarian Form)",—,—,—,—,—,—,—,—,—,—,—,—,—,—,—,—,—,—,—,—,—,—,—,—,—,—,—,—,—,—,—,C,C,—,—,—,CD,CD
80,,Slowbro,C,C,C,C,C,C,C,EvE,EvE,EvE,C,EvE,T,E,E,C,C,C,C,E,E,E,E,E,E,C,C,C,C,C,C,DA,DA,T,E,—,C,C
80,,"Slowbro
(Galarian Form)",—,—,—,—,—,—,—,—,—,—,—,—,—,—,—,—,—,—,—,—,—,—,—,—,—,—,—,—,—,—,—,ED,ED,—,—,—,CD,CD
81,,Magnemite,C,C,C,C,C,C,C,C,C,C,C,C,S,S,C,C,C,DW,C,C,C,B,B,C,C,C,C,C,C,C,C,CD,CD,C,C,C,C,C
82,,Magneton,C,C,C,C,E,E,R,C,C,C,C,C,E,E,C,C,C,DWE,E,C,C,C,C,E,E,E,E,E,E,C,C,CD,CD,E,E,C,C,C
83,,Farfetch'd,R,R,R,C,C,C,C,T,T,R,R,T,S,S,S,C,C,S,S,S,S,C,C,T,T,T,T,T,T,C,C,RD,T,C,C,—,—,—
83,,"Farfetch'd
(Galarian Form)",—,—,—,—,—,—,—,—,—,—,—,—,—,—,—,—,—,—,—,—,—,—,—,—,—,—,—,—,—,—,—,C,T,—,—,—,—,—
84,,Doduo,C,C,C,C,C,C,C,C,C,C,C,C,S,S,S,C,C,S,S,S,S,C,C,C,C,T,T,T,T,C,C,—,—,C,C,—,CD,CD
85,,Dodrio,C,C,C,C,C,C,C,C,C,E,E,C,E,E,E,C,C,E,E,E,E,E,E,E,E,T,T,T,T,C,C,—,—,E,E,—,CD,CD
86,,Seel,C,C,C,C,C,C,C,T,T,C,C,T,C,T,B,C,C,C,C,C,C,FSB,FSB,C,C,T,T,C,C,C,C,—,—,C,T,—,CD,CD
87,,Dewgong,C,C,C,C,E,E,E,T,T,C,C,T,C,T,C,C,C,C,C,C,C,FS,FS,C,C,T,T,E,E,C,C,—,—,C,T,—,CD,CD
88,,Grimer,C,C,C,C,C,C,C,C,C,C,C,C,C,C,C,C,C,DW,DW,C,C,FSB,FSB,C,C,T,T,T,T,C,T,—,—,C,C,—,C,C
88,,"Grimer
(Alolan Form)",—,—,—,—,—,—,—,—,—,—,—,—,—,—,—,—,—,—,—,—,—,—,—,—,—,C,C,C,C,R,T,—,—,—,—,—,CD,CD
89,,Muk,C,C,C,C,C,C,C,E,E,E,C,E,E,E,E,C,C,DWE,DWE,C,C,FS,FS,E,E,T,T,T,T,C,T,—,—,E,E,—,C,C
89,,"Muk
(Alolan Form)",—,—,—,—,—,—,—,—,—,—,—,—,—,—,—,—,—,—,—,—,—,—,—,—,—,E,E,E,E,E,T,—,—,—,—,—,CD,CD
90,,Shellder,C,C,C,C,C,C,C,Ev,Ev,C,Ev,Ev,C,C,C,C,C,C,C,C,C,FSB,C,T,T,C,C,C,C,C,C,C,C,C,C,—,C,C
91,,Cloyster,E,E,E,E,E,E,E,EvE,EvE,E,EvE,EvE,E,E,E,E,E,C,C,C,C,FS,C,T,T,E,E,E,E,C,C,C,C,E,E,—,C,C
92,,Gastly,C,C,C,C,C,C,C,T,T,C,C,T,C,C,C,C,C,DW,C,DW,DW,B,B,EvB,EvB,C,C,C,C,C,C,C,C,C,C,C,C,C
93,,Haunter,C,C,C,C,C,C,C,T,T,C,C,T,C,C,C,C,C,DWE,E,DWE,DWE,C,C,EvB,EvB,C,C,C,C,C,C,C,C,E,E,C,C,C
94,,Gengar,ET,ET,R,ET,ET,ET,ET,T,T,ET,ET,T,D,D,D,ET,ET,DWET,ET,DWET,DWET,ET,ET,Ev,Ev,C,C,C,C,ET,ET,C,C,ET,ET,C,C,C
95,,Onix,C,C,C,C,C,C,C,T,T,C,C,T,C,C,C,C,C,C,C,C,C,C,C,C,C,T,T,S,S,C,C,C,C,C,C,C,—,—
96,,Drowzee,C,C,C,C,C,C,C,T,T,C,C,T,S,S,S,C,C,DW,DW,B,B,FS,FS,B,B,C,C,C,C,C,C,—,—,C,C,—,C,C
97,,Hypno,C,C,C,E,C,C,C,T,T,C,C,T,E,E,E,C,C,DWE,DWE,S,S,FSE,FSE,C,C,C,C,C,C,E,E,—,—,E,E,—,C,C
98,,Krabby,C,C,C,C,C,C,C,T,T,C,C,T,S,S,S,C,C,C,C,C,C,FS,FS,C,C,T,T,T,T,C,C,C,C,C,C,—,—,—
99,,Kingler,C,C,C,C,C,C,C,T,T,E,C,T,E,E,E,C,C,C,C,C,C,FSE,FSE,E,E,T,T,T,T,C,C,C,C,E,E,—,—,—
100,,Voltorb,C,C,C,C,C,C,C,C,C,C,C,C,S,S,S,C,C,DW,DW,DW,DW,B,B,C,C,T,T,B,B,C,C,—,—,C,C,—,C,C
100,,"Voltorb
(Hisuian Form)",—,—,—,—,—,—,—,—,—,—,—,—,—,—,—,—,—,—,—,—,—,—,—,—,—,—,—,—,—,—,—,—,—,—,—,C,EV,EV
101,,Electrode,C,C,C,C,C,C,C,C,C,C,C,C,E,E,E,C,C,DWE,DWE,DWE,DWE,C,C,C,C,T,T,C,C,C,C,—,—,E,E,—,C,C
101,,"Electrode
(Hisuian Form)",—,—,—,—,—,—,—,—,—,—,—,—,—,—,—,—,—,—,—,—,—,—,—,—,—,—,—,—,—,—,—,—,—,—,—,C,EVE,EVE
102,,Exeggcute,C,C,C,C,C,C,C,T,T,C,C,T,S,S,S,C,C,S,S,DW,DW,C,C,T,T,C,C,C,C,C,C,CD,CD,S,S,—,CD,CD
103,,Exeggutor,E,E,E,E,E,E,E,T,T,E,E,T,E,E,E,E,E,E,E,DWE,DWE,E,E,T,T,T,T,E,E,C,C,CD,CD,E,E,—,CD,CD
103,,"Exeggutor
(Alolan Form)",—,—,—,—,—,—,—,—,—,—,—,—,—,—,—,—,—,—,—,—,—,—,—,—,—,C,C,C,C,R,R,RD,RD,—,—,—,CD,CD
104,,Cubone,C,C,C,C,C,C,C,T,T,C,C,T,S,S,S,C,C,B,B,DW,DW,C,C,T,T,C,C,C,C,C,C,CD,CD,C,C,—,—,—
105,,Marowak,C,C,C,C,C,C,C,T,T,C,C,T,E,E,E,C,C,C,C,DWE,DWE,E,E,T,T,T,T,E,E,E,E,CD,CD,E,E,—,—,—
105,,"Marowak
(Alolan Form)",—,—,—,—,—,—,—,—,—,—,—,—,—,—,—,—,—,—,—,—,—,—,—,—,—,E,E,R,E,R,R,RD,RD,—,—,—,—,—
106,,Hitmonlee,R,R,R,R,E,E,E,T,T,R,R,T,E,E,E,E,E,E,E,DWE,DWE,FSE,FSE,E,E,T,T,T,T,C,C,C,D,E,E,—,CD,CD
107,,Hitmonchan,R,R,R,R,E,E,E,T,T,R,R,T,E,E,E,E,E,E,E,DWE,DWE,FSE,FSE,E,E,T,T,T,T,C,C,D,C,E,E,—,CD,CD
108,,Lickitung,R,R,C,C,C,C,C,T,T,R,R,T,S,S,C,C,C,C,C,C,C,C,C,T,T,T,T,C,C,C,C,CD,CD,C,C,C,—,—
109,,Koffing,C,C,C,T,C,C,C,C,C,C,C,C,B,B,C,C,C,DW,DW,C,C,T,T,C,C,T,T,T,T,T,C,C,C,B,B,—,CD,CD
110,,Weezing,C,C,C,T,E,E,C,E,E,C,E,E,C,C,C,C,C,DWE,DWE,C,C,T,T,E,E,T,T,T,T,T,C,RD,RD,C,C,—,CD,CD
110,,"Weezing
(Galarian Form)",—,—,—,—,—,—,—,—,—,—,—,—,—,—,—,—,—,—,—,—,—,—,—,—,—,—,—,—,—,—,—,C,C,—,—,—,T,T
111,,Rhyhorn,C,C,C,C,C,C,C,C,C,C,C,C,C,C,C,C,C,DW,C,R,R,C,C,C,C,S,S,S,S,C,C,C,C,C,C,C,CD,CD
112,,Rhydon,C,C,C,C,R,R,C,E,E,E,E,E,C,C,C,C,C,DW,E,E,E,E,E,E,E,E,E,E,E,C,C,C,C,C,C,C,CD,CD
113,,Chansey,C,C,C,C,C,C,C,Ev,Ev,C,C,Ev,C,C,C,C,C,DW,E,E,E,FS,FS,E,E,C,C,C,C,C,C,CD,CD,C,C,C,C,C
114,,Tangela,C,C,C,C,C,C,C,T,T,C,C,T,Ev,Ev,C,C,C,C,C,C,C,FS,FS,C,C,T,T,T,T,C,C,CD,CD,C,C,C,—,—
115,,Kangaskhan,C,C,R,C,C,C,C,Ev,Ev,C,C,Ev,S,S,S,C,C,C,C,DW,DW,C,C,Ev,Ev,C,C,C,C,C,C,CD,CD,S,S,—,—,—
116,,Horsea,C,C,C,C,C,C,C,C,C,C,C,C,C,C,C,C,C,C,C,C,C,C,C,C,C,S,S,S,S,C,C,CD,CD,C,C,—,CD,CD
117,,Seadra,C,C,C,C,C,C,C,E,E,C,E,E,C,C,C,C,C,C,C,C,C,C,C,C,C,E,E,E,E,C,C,CD,CD,C,C,—,CD,CD
118,,Goldeen,C,C,C,C,C,C,C,C,C,C,C,C,C,C,C,C,C,C,C,C,C,C,C,C,C,C,C,C,C,C,C,C,C,C,C,—,—,—
119,,Seaking,C,C,C,C,C,C,C,C,C,C,C,C,C,C,C,C,C,C,C,C,C,C,C,C,C,C,C,C,C,C,C,C,C,C,C,—,—,—
120,,Staryu,C,C,C,C,C,C,C,C,C,Ev,C,C,C,C,C,C,C,C,C,C,C,C,T,C,C,C,C,C,C,C,C,CD,CD,C,C,—,—,—
121,,Starmie,E,E,E,E,E,E,E,E,E,EvE,E,E,E,E,E,E,E,C,C,C,C,C,T,E,E,C,C,C,C,C,C,CD,CD,E,E,—,—,—
122,,Mr. Mime,R,R,R,R,C,C,C,T,T,R,R,T,C,E,C,C,C,DW,DW,DW,S,C,C,T,T,T,T,C,C,C,C,R,R,C,C,C,—,—
122,,"Mr. Mime
(Galarian Form)",—,—,—,—,—,—,—,—,—,—,—,—,—,—,—,—,—,—,—,—,—,—,—,—,—,—,—,—,—,—,—,C,C,—,—,—,—,—
123,,Scyther,C,T,C,C,C,C,C,Ev,Ev,C,Ev,Ev,C,EvB,C,C,C,DW,DW,DW,DW,C,C,T,T,C,C,C,C,C,T,CD,CD,C,T,C,C,C
124,,Jynx,R,R,C,T,C,C,C,T,T,R,R,T,E,E,C,C,C,C,C,DRE,DRE,C,C,T,T,T,T,C,C,C,C,CD,CD,E,E,—,—,—
125,,Electabuzz,C,T,T,T,C,C,C,Ev,Ev,C,Ev,Ev,DE,DE,C,C,C,DWE,E,DWE,E,FS,FS,E,E,C,C,C,C,C,C,CD,CD,E,T,C,CD,CD
126,,Magmar,T,C,T,T,C,C,C,Ev,Ev,Ev,C,Ev,DE,DE,C,C,C,DWE,E,E,DWE,FS,FS,E,E,C,C,C,C,C,C,CD,CD,T,E,C,CD,CD
127,,Pinsir,T,C,C,C,C,C,C,C,C,T,C,C,T,C,S,C,C,C,C,C,C,C,FS,C,C,C,C,C,C,T,C,CD,T,T,C,—,—,—
128,,Tauros,C,C,R,C,C,C,C,Ev,Ev,C,C,Ev,C,C,C,C,C,DW,DW,DW,DW,C,C,T,T,C,C,C,C,C,C,CD,CD,C,C,—,CD,CD
128,,"Tauros
(Paldean Combat Form)",—,—,—,—,—,—,—,—,—,—,—,—,—,—,—,—,—,—,—,—,—,—,—,—,—,—,—,—,—,—,—,—,—,—,—,—,C,C
128,,"Tauros
(Paldean Blaze Form)",—,—,—,—,—,—,—,—,—,—,—,—,—,—,—,—,—,—,—,—,—,—,—,—,—,—,—,—,—,—,—,—,—,—,—,—,C,CC
128,,"Tauros
(Paldean Aqua Form)",—,—,—,—,—,—,—,—,—,—,—,—,—,—,—,—,—,—,—,—,—,—,—,—,—,—,—,—,—,—,—,—,—,—,—,—,CC,C
129,,Magikarp,C,C,C,C,C,C,C,C,C,C,C,C,C,C,C,C,C,R,R,R,R,C,C,C,C,C,C,C,C,C,C,C,C,C,C,C,C,C
130,,Gyarados,E,E,E,C,C,C,C,C,C,C,C,C,C,C,C,C,C,E,E,E,E,C,C,C,C,C,C,E,E,C,C,C,C,C,C,C,C,C
131,,Lapras,R,R,R,R,C,C,C,T,T,C,C,T,C,C,C,C,C,C,C,C,C,C,C,T,T,C,C,C,C,C,C,C,C,C,C,—,CD,CD
132,,Ditto,C,C,C,C,C,C,C,T,T,C,C,C,C,C,S,C,C,C,C,C,C,C,C,C,C,C,C,C,C,C,C,C,C,C,C,—,C,C
133,,Eevee,R,R,R,R,R,R,R,T,T,R,R,T,C,C,C,R,R,DW,DW,C,C,C,C,C,C,C,C,C,C,C,C,C,C,C,C,C,C,C
134,,Vaporeon,E,E,E,E,E,E,E,T,T,E,E,T,E,E,E,E,E,DWE,DWE,E,E,E,E,E,E,E,E,E,E,E,E,C,C,E,E,C,C,C
135,,Jolteon,E,E,E,E,E,E,E,T,T,E,E,T,E,E,E,E,E,DWE,DWE,E,E,E,E,E,E,E,E,E,E,E,E,C,C,E,E,C,C,C
136,,Flareon,E,E,E,E,E,E,E,T,T,E,E,T,E,E,E,E,E,DWE,DWE,E,E,E,E,E,E,E,E,E,E,E,E,C,C,E,E,C,C,C
137,,Porygon,R,R,R,R,R,R,R,T,T,R,R,T,S,S,R,R,R,Ev,C,DR,DR,T,T,C,C,R,R,R,R,C,C,RD,RD,S,S,C,CD,CD
138,,Omanyte,R,R,R,R,Ev,Ev,Ev,T,T,R,R,T,R,R,R,R,T,R,R,R,R,T,R,T,R,T,T,R,R,R,R,CD,T,R,R,—,—,—
139,,Omastar,E,E,E,E,EvE,EvE,EvE,T,T,E,E,T,E,E,E,E,T,E,E,E,E,T,E,T,E,T,T,E,E,E,E,CD,T,E,E,—,—,—
140,,Kabuto,R,R,R,R,Ev,Ev,Ev,T,T,R,R,T,R,R,R,T,R,R,R,R,R,T,R,R,T,T,T,R,R,R,R,T,CD,R,R,—,—,—
141,,Kabutops,E,E,E,E,EvE,EvE,EvE,T,T,E,E,T,E,E,E,T,E,E,E,E,E,T,E,E,T,T,T,E,E,E,E,T,CD,E,E,—,—,—
142,,Aerodactyl,R,R,R,R,R,R,R,T,T,R,R,T,R,R,R,R,R,R,R,R,R,R,R,R,R,R,R,R,R,R,R,CD,CD,R,R,—,—,—
143,,Snorlax,C,C,C,C,C,C,C,T,T,C,C,T,E,E,E,C,C,E,E,R,R,C,C,T,T,C,C,C,C,C,C,C,C,E,E,C,CD,CD
144,,Articuno,C,C,C,C,Ev,Ev,Ev,Ev,Ev,C,C,Ev,T,T,C,C,C,T,T,T,T,C,C,Ev,Ev,T,T,C,C,C,C,DA,DA,T,C,—,CD,CD
144,,"Articuno
(Galarian Form)",—,—,—,—,—,—,—,—,—,—,—,—,—,—,—,—,—,—,—,—,—,—,—,—,—,—,—,—,—,—,—,CD,CD,—,—,—,T,T
145,,Zapdos,C,C,C,C,Ev,Ev,Ev,Ev,Ev,C,C,Ev,T,T,C,C,C,T,T,T,T,C,C,Ev,Ev,T,T,C,C,C,C,DA,DA,T,C,—,CD,CD
145,,"Zapdos
(Galarian Form)",—,—,—,—,—,—,—,—,—,—,—,—,—,—,—,—,—,—,—,—,—,—,—,—,—,—,—,—,—,—,—,CD,CD,—,—,—,T,T
146,,Moltres,C,C,C,C,Ev,Ev,Ev,Ev,Ev,C,C,Ev,T,T,C,C,C,T,T,T,T,C,C,Ev,Ev,T,T,C,C,C,C,DA,DA,T,C,—,CD,CD
146,,"Moltres
(Galarian Form)",—,—,—,—,—,—,—,—,—,—,—,—,—,—,—,—,—,—,—,—,—,—,—,—,—,—,—,—,—,—,—,CD,CD,—,—,—,T,T
147,,Dratini,C,C,C,C,C,C,C,EvB,EvB,C,C,EvB,C,C,C,C,C,C,C,C,C,C,C,EvB,EvB,C,C,C,C,C,C,CD,CD,C,C,—,C,C
148,,Dragonair,E,E,R,C,C,C,C,EvB,EvB,C,C,EvB,C,C,C,C,C,C,C,C,C,C,C,EvB,EvB,C,C,C,C,C,C,CD,CD,E,E,—,C,C
149,,Dragonite,E,E,E,E,E,E,E,Ev,Ev,E,E,Ev,E,E,E,E,E,C,C,C,C,E,E,Ev,Ev,C,C,C,C,C,C,CD,CD,E,E,—,C,C
150,,Mewtwo,C,C,C,C,Ev,Ev,Ev,T,T,C,C,T,T,T,T,C,C,Ev,Ev,Ev,Ev,C,C,Ev,Ev,T,T,C,C,C,C,DA,DA,C,C,—,EV,EV
151,,Mew,Ev,Ev,Ev,Ev,Ev,Ev,Ev,Ev,Ev,Ev,Ev,EV,Ev,Ev,Ev,Ev,Ev,T,T,T,T,Ev,Ev,Ev,Ev,Ev,Ev,T,T,Ev,Ev,Ev,Ev,CCR,CCR,—,Ev,Ev
152,,Chikorita,,,,,R,R,R,Ev,Ev,Ev,Ev,CCR,T,T,T,R,R,T,T,T,T,Ev,Ev,R,R,S,S,T,T,,,—,—,C,C,—,CD,CD
153,,Bayleef,,,,,E,E,E,EvE,EvE,EvE,EvE,CCE,T,T,T,E,E,T,T,T,T,EvE,EvE,E,E,E,E,T,T,,,—,—,E,E,—,ED,ED
154,,Meganium,,,,,E,E,E,EvE,EvE,EvE,EvE,CCE,T,T,T,E,E,T,T,T,T,Ev,Ev,E,E,E,E,T,T,,,—,—,E,E,—,ED,ED
155,,Cyndaquil,,,,,R,R,R,Ev,Ev,Ev,Ev,CCR,T,T,T,R,R,T,T,T,T,Ev,Ev,R,R,S,S,T,T,,,—,—,C,C,C,CD,CD
156,,Quilava,,,,,E,E,E,EvE,EvE,EvE,EvE,CCE,T,T,T,E,E,T,T,T,T,EvE,EvE,E,E,E,E,T,T,,,—,—,E,E,C,ED,ED
157,,Typhlosion,,,,,E,E,E,Ev,Ev,Ev,Ev,CCE,T,T,T,E,E,T,T,T,T,Ev,Ev,E,E,E,E,T,T,,,—,—,E,E,—,ED,ED
157,,"Typhlosion
(Hisuian Form)",,,,,—,—,—,—,—,—,—,—,—,—,—,—,—,—,—,—,—,—,—,—,—,—,—,—,—,,,—,—,—,—,C,EV,EV
158,,Totodile,,,,,R,R,R,Ev,Ev,Ev,Ev,CCR,T,T,T,R,R,T,T,T,T,Ev,Ev,R,R,S,S,T,T,,,—,—,C,C,—,CD,CD
159,,Croconaw,,,,,E,E,E,EvE,EvE,EvE,EvE,CCE,T,T,T,E,E,T,T,T,T,EvE,EvE,E,E,E,E,T,T,,,—,—,E,E,—,ED,ED
160,,Feraligatr,,,,,E,E,E,EvE,EvE,EvE,EvE,CCE,T,T,T,E,E,T,T,T,T,Ev,Ev,E,E,E,E,T,T,,,—,—,E,E,—,ED,ED
161,,Sentret,,,,,C,C,C,T,T,C,C,T,C,C,C,C,C,S,S,B,B,C,C,T,T,T,T,T,T,,,—,—,C,C,—,CD,CD
162,,Furret,,,,,C,C,C,T,T,E,E,T,E,E,E,C,C,E,E,S,S,E,E,T,T,T,T,T,T,,,—,—,C,C,—,CD,CD
163,,Hoothoot,,,,,C,C,C,Ev,Ev,Ev,Ev,C,C,C,C,C,C,B,B,CCB,CCB,B,B,T,T,T,T,C,C,,,C,C,C,C,—,CD,CD
164,,Noctowl,,,,,C,C,C,EvE,EvE,EvE,EvE,E,C,C,C,C,C,C,C,CC,CC,C,C,T,T,T,T,C,C,,,C,C,C,C,—,CD,CD
165,,Ledyba,,,,,Ev,C,C,T,T,C,C,C,B,B,B,T,C,B,B,DW,B,C,C,T,T,C,C,C,C,,,—,—,B,B,—,—,—
166,,Ledian,,,,,EvE,C,C,T,T,E,E,E,C,C,C,T,C,C,C,DWE,S,E,E,T,T,C,C,C,C,,,—,—,C,C,—,—,—
167,,Spinarak,,,,,C,Ev,C,T,T,C,C,C,B,B,B,C,T,B,B,B,DW,B,B,B,B,C,C,C,C,,,—,—,B,B,—,CD,CD
168,,Ariados,,,,,C,EvE,C,T,T,E,E,E,C,C,C,C,T,C,C,S,DWE,C,C,C,C,C,C,C,C,,,—,—,C,C,—,CD,CD
169,,Crobat,,,,,E,E,E,E,E,E,E,E,E,E,E,E,E,C,C,C,C,E,E,E,E,C,C,C,C,,,DD,DD,E,E,C,—,—
170,,Chinchou,,,,,C,C,C,C,C,T,T,C,C,C,C,C,C,C,C,C,C,C,C,C,C,C,C,C,C,,,C,C,C,C,—,CD,CD
171,,Lanturn,,,,,C,C,C,E,E,T,T,E,C,C,E,C,C,C,C,C,C,C,C,C,C,E,E,C,C,,,C,C,C,C,—,CD,CD
172,,Pichu,,,,,B,B,R,B,B,B,B,B,C,C,C,B,B,EvB,EvB,EvB,EvB,B,B,B,B,C,C,C,C,,,D,D,C,C,C,C,C
173,,Cleffa,,,,,B,B,R,T,T,B,B,T,C,C,C,B,B,B,B,B,B,FSB,FSB,B,B,C,C,C,C,,,D,D,C,C,C,CD,CD
174,,Igglybuff,,,,,B,B,R,B,B,B,B,B,S,S,S,B,B,B,B,B,B,B,B,B,B,C,C,C,C,,,DD,DD,S,S,—,C,C
175,,Togepi,,,,,R,R,R,T,T,R,R,T,C,C,C,R,R,DW,C,R,R,FS,FS,R,R,B,B,T,T,,,C,C,C,C,C,—,—
176,,Togetic,,,,,E,E,E,T,T,E,E,T,E,E,E,E,E,DWE,E,E,E,FSE,FSE,E,E,B,B,T,T,,,C,C,E,E,C,—,—
177,,Natu,,,,,C,C,C,C,C,C,C,C,S,S,S,C,C,DW,DW,S,S,FSB,FSB,B,B,T,T,C,C,,,C,C,C,C,—,—,—
178,,Xatu,,,,,E,E,R,C,C,E,E,C,E,E,E,R,R,DWE,DWE,E,E,FS,FS,C,C,T,T,C,C,,,C,C,E,E,—,—,—
179,,Mareep,,,,,C,C,T,Ev,Ev,Ev,Ev,C,C,C,C,C,C,DW,C,C,C,C,C,Ev,Ev,T,T,C,C,,,—,—,C,C,—,C,C
180,,Flaaffy,,,,,C,C,T,EvE,EvE,EvE,EvE,E,C,C,C,C,C,DW,E,E,E,E,E,EvE,EvE,T,T,C,C,,,—,—,C,C,—,C,C
181,,Ampharos,,,,,E,E,T,EvE,EvE,EvE,EvE,E,E,E,E,E,E,DWE,E,E,E,E,E,EvE,EvE,T,T,E,E,,,—,—,E,E,—,C,C
182,,Bellossom,,,,,E,E,E,E,E,E,EvE,E,E,E,E,E,E,DWE,E,DWE,DWE,E,E,E,E,T,T,T,T,,,C,C,E,E,—,CD,CD
183,,Marill,,,,,C,C,C,C,C,T,C,C,C,C,C,C,C,DW,E,C,C,C,C,C,C,S,S,T,T,,,CD,CD,C,C,—,C,C
184,,Azumarill,,,,,E,E,E,E,E,T,E,E,E,E,C,E,E,DWE,E,C,C,C,C,C,C,E,E,T,T,,,CD,CD,E,E,—,C,C
185,,Sudowoodo,,,,,C,C,C,T,T,T,T,C,E,C,C,C,C,DW,DW,S,DW,C,C,T,T,C,C,C,C,,,C,C,E,C,C,C,C
186,,Politoed,,,,,ET,ET,ET,T,T,ET,ET,T,ET,ET,ET,ET,ET,C,C,C,C,C,C,T,T,C,C,C,C,,,CD,CD,ET,ET,—,CD,CD
187,,Hoppip,,,,,C,C,C,T,T,C,C,T,C,C,C,C,C,DW,C,S,S,C,C,T,T,T,T,T,T,,,—,—,C,C,—,C,C
188,,Skiploom,,,,,C,C,C,T,T,E,E,T,C,C,E,C,C,DWE,E,E,E,E,E,T,T,T,T,T,T,,,—,—,C,C,—,C,C
189,,Jumpluff,,,,,E,E,E,T,T,E,E,T,E,E,E,C,C,DWE,E,E,E,E,E,T,T,T,T,T,T,,,—,—,E,E,—,C,C
190,,Aipom,,,,,C,C,C,Ev,Ev,Ev,Ev,C,C,C,C,C,C,DW,DW,B,B,FS,FS,C,C,T,T,C,C,,,—,—,C,C,C,CCD,CD
191,,Sunkern,,,,,C,C,C,Ev,Ev,Ev,Ev,C,C,C,C,C,C,C,C,C,C,FS,FS,C,C,T,T,T,T,,,—,—,C,C,—,C,C
192,,Sunflora,,,,,E,E,E,EvE,EvE,EvE,EvE,E,E,E,E,E,E,C,C,E,E,FSE,FSE,E,E,T,T,T,T,,,—,—,E,E,—,C,C
193,,Yanma,,,,,C,C,C,T,T,C,C,T,S,S,C,C,C,S,S,C,C,C,C,T,T,T,T,B,B,,,—,—,S,S,C,CD,CD
194,,Wooper,,,,,C,C,C,T,T,C,T,C,C,C,C,C,C,DW,C,B,B,B,B,T,T,T,T,B,B,,,C,C,C,C,—,CD,CD
194,,"Wooper
(Paldean Form)",,,,,—,—,—,—,—,—,—,—,—,—,—,—,—,—,—,—,—,—,—,—,—,—,—,—,—,,,—,—,—,—,—,C,C
195,,Quagsire,,,,,C,C,C,T,T,E,T,C,C,C,C,C,C,DWE,E,S,S,C,C,T,T,T,T,C,C,,,C,C,C,C,—,CD,CD
196,,Espeon,,,,,E,E,E,Ev,Ev,Ev,Ev,Ev,E,E,E,E,E,DWE,DWE,E,E,E,E,E,E,C,C,C,C,,,C,C,E,E,C,C,C
197,,Umbreon,,,,,E,E,E,Ev,Ev,Ev,Ev,Ev,E,E,E,E,E,DWE,DWE,E,E,E,E,E,E,C,C,C,C,,,C,C,E,E,C,C,C
198,,Murkrow,,,,,C,C,C,Ev,Ev,C,Ev,Ev,C,T,T,C,C,C,DW,C,C,C,C,C,C,C,C,C,C,,,—,—,C,T,C,C,C
199,,Slowking,,,,,ET,ET,ET,EvE,EvE,EvE,ET,EvE,T,ET,ET,ET,ET,C,C,ET,ET,ET,ET,ET,ET,ET,ET,C,C,,,DA,DA,T,ET,—,C,C
199,,"Slowking
(Galarian Form)",,,,,—,—,—,—,—,—,—,—,—,—,—,—,—,—,—,—,—,—,—,—,—,—,—,—,—,,,ED,ED,—,—,—,CD,CD
200,,Misdreavus,,,,,C,C,C,Ev,Ev,Ev,C,Ev,T,C,T,C,C,DW,C,DW,DW,T,T,C,C,C,C,C,C,,,—,—,T,C,C,CC,C
201,,Unown,,,,,C,C,C,T,T,C,C,T,C,C,C,C,C,T,T,T,T,T,T,C,C,T,T,T,T,,,—,—,C,C,C,—,—
202,,Wobbuffet,,,,,C,C,C,C,C,C,C,C,C,C,C,C,C,E,E,R,R,C,C,C,C,T,T,T,T,,,C,C,C,C,—,—,—
203,,Girafarig,,,,,C,C,T,C,C,T,T,C,C,C,C,C,C,DW,DW,CC,CC,FS,FS,C,C,T,T,T,T,,,—,—,C,C,—,C,C
204,,Pineco,,,,,C,C,C,Ev,Ev,Ev,Ev,C,D,D,D,C,C,S,S,S,S,FSB,FSB,B,B,T,T,C,C,,,—,—,C,C,—,C,C
205,,Forretress,,,,,E,E,E,EvE,EvE,EvE,EvE,E,DE,DE,DE,E,E,E,E,E,E,FS,FS,C,C,T,T,E,E,,,—,—,E,E,—,C,C
206,,Dunsparce,,,,,C,C,C,T,T,C,C,T,S,S,S,C,C,C,C,C,C,C,C,T,T,T,T,C,C,,,CD,CD,S,S,—,C,C
207,,Gligar,,,,,C,Ev,C,Ev,Ev,Ev,Ev,C,D,D,C,C,T,C,C,C,C,C,C,T,T,T,T,T,T,,,—,—,C,T,C,CD,CCD
208,,Steelix,,,,,ET,ET,ET,T,T,ET,ET,T,C,C,C,C,C,ET,ET,C,C,R,R,ET,ET,T,T,ET,ET,,,C,C,C,C,C,—,—
209,,Snubbull,,,,,C,C,C,Ev,Ev,Ev,Ev,C,S,S,S,C,C,DW,DW,B,B,C,C,T,T,B,B,C,C,,,—,—,C,C,—,CD,CD
210,,Granbull,,,,,E,E,C,EvE,EvE,EvE,EvE,E,E,E,E,E,E,DWE,DWE,C,C,E,E,T,T,C,C,C,C,,,—,—,E,E,—,CD,CD
211,,Qwilfish,,,,,C,C,C,Ev,Ev,C,Ev,Ev,C,C,C,C,C,C,C,C,C,C,C,T,T,T,T,T,T,,,C,C,C,C,—,C,C
211,,"Qwilfish
(Hisuian Form)",,,,,—,—,—,—,—,—,—,—,—,—,—,—,—,—,—,—,—,—,—,—,—,—,—,—,—,,,—,—,—,—,C,CD,CD
212,,Scizor,,,,,ET,ET,ET,EvE,EvE,ET,EvE,EvE,ET,Ev,ET,ET,ET,DWET,DWET,DWET,DWET,ET,ET,T,T,ET,ET,ET,ET,,,CD,CD,ET,T,C,C,C
213,,Shuckle,,,,,C,C,C,Ev,Ev,Ev,Ev,C,D,D,D,C,C,C,C,C,C,C,C,T,T,T,T,T,T,,,C,C,C,C,—,—,—
214,,Heracross,,,,,C,C,C,C,C,C,C,C,C,C,C,C,C,C,C,C,C,FS,C,C,C,T,T,C,C,,,T,CD,C,C,C,C,C
215,,Sneasel,,,,,C,C,C,Ev,Ev,Ev,C,Ev,C,C,C,C,C,C,C,C,C,C,C,T,T,C,C,C,C,,,C,C,C,C,C,C,C
215,,"Sneasel
(Hisuian Form)",,,,,—,—,—,—,—,—,—,—,—,—,—,—,—,—,—,—,—,—,—,—,—,—,—,—,—,,,—,—,—,—,C,T,T
216,,Teddiursa,,,,,C,Ev,C,Ev,Ev,Ev,Ev,C,D,D,D,T,C,DW,DW,R,R,B,B,T,T,T,T,T,T,,,—,—,T,C,C,C,C
217,,Ursaring,,,,,C,EvE,C,EvE,EvE,EvE,EvE,E,D,D,D,T,C,DWE,DWE,E,E,C,C,T,T,T,T,T,T,,,—,—,T,E,C,C,C
218,,Slugma,,,,,C,C,C,C,C,C,C,C,C,C,C,C,C,DW,DW,DW,DW,C,C,C,C,T,T,B,B,,,—,—,C,C,—,CD,CD
219,,Magcargo,,,,,E,E,E,E,E,C,C,E,C,C,C,E,E,DWE,DWE,DWE,DWE,E,E,E,E,T,T,C,C,,,—,—,C,C,—,CD,CD
220,,Swinub,,,,,C,C,C,T,T,C,C,T,S,S,C,C,C,B,B,B,B,B,B,T,T,S,S,S,S,,,C,C,C,C,C,CD,CD
221,,Piloswine,,,,,E,E,E,T,T,E,E,T,E,E,C,E,E,C,C,C,C,C,C,T,T,E,E,E,E,,,C,C,E,E,C,CD,CD
222,,Corsola,,,,,C,C,C,C,C,Ev,Ev,C,S,S,S,C,C,C,C,C,C,C,C,C,C,C,C,C,C,,,T,RD,C,C,—,—,—
222,,"Corsola
(Galarian Form)",,,,,—,—,—,—,—,—,—,—,—,—,—,—,—,—,—,—,—,—,—,—,—,—,—,—,—,,,T,C,—,—,—,—,—
223,,Remoraid,,,,,C,C,Ev,T,T,T,C,C,C,C,C,C,C,C,C,C,C,C,C,C,C,T,T,C,C,,,C,C,C,C,C,—,—
224,,Octillery,,,,,E,E,EvE,T,T,T,E,E,C,C,C,E,E,C,C,C,C,C,C,C,C,T,T,C,C,,,C,C,C,C,C,—,—
225,,Delibird,,,,,Ev,C,C,Ev,Ev,C,Ev,Ev,S,S,S,T,C,C,C,C,C,C,C,C,C,C,C,C,C,,,C,C,C,C,—,C,C
226,,Mantine,,,,,C,Ev,C,Ev,Ev,Ev,C,Ev,E,E,E,C,T,C,C,C,C,E,E,C,C,T,T,E,E,,,C,C,E,E,C,—,—
227,,Skarmory,,,,,Ev,C,C,C,C,C,T,C,C,C,C,T,C,DW,DW,C,C,C,C,C,C,C,C,C,C,,,CD,CD,C,C,—,CD,CD
228,,Houndour,,,,,C,C,C,Ev,Ev,Ev,Ev,C,T,B,C,C,C,S,DW,DW,DW,C,EvB,T,T,T,T,C,T,,,—,—,B,B,—,C,C
229,,Houndoom,,,,,E,E,E,EvE,EvE,EvE,EvE,E,T,C,E,C,C,E,DWE,DWE,DWE,E,Ev,T,T,T,T,C,T,,,—,—,C,C,—,C,C
230,,Kingdra,,,,,ET,ET,ET,ET,ET,ET,ET,ET,ET,ET,ET,ET,ET,C,C,C,C,ET,ET,ET,ET,ET,ET,ET,ET,,,CD,CD,ET,ET,—,CD,CD
231,,Phanpy,,,,,Ev,C,C,C,C,C,C,C,S,S,S,C,T,DW,DW,R,R,FS,FS,B,B,T,T,T,T,,,—,—,C,C,—,C,C
232,,Donphan,,,,,EvE,C,C,E,E,E,E,E,E,E,E,C,T,DWE,DWE,E,E,FSE,FSE,C,C,T,T,T,T,,,—,—,E,E,—,C,C
233,,Porygon2,,,,,ET,ET,ET,T,T,ET,ET,T,ET,ET,ET,ET,ET,EvE,ET,DRET,DRET,T,T,ET,ET,ET,ET,ET,ET,,,EDT,EDT,ET,ET,C,CD,CD
234,,Stantler,,,,,C,C,C,Ev,Ev,Ev,Ev,C,T,C,C,C,C,C,C,DW,DW,T,T,C,C,T,T,T,T,,,—,—,T,C,C,C,C
235,,Smeargle,,,,,C,C,C,Ev,Ev,Ev,Ev,C,C,C,C,C,C,S,S,DW,DW,C,C,Ev,Ev,C,C,C,C,,,—,—,C,C,—,CD,CD
236,,Tyrogue,,,,,R,R,R,T,T,B,B,T,C,C,C,R,R,S,S,DW,DW,FS,FS,C,C,T,T,T,T,,,C,C,C,C,—,CD,CD
237,,Hitmontop,,,,,E,E,E,T,T,E,E,T,E,E,E,E,E,E,E,DWE,DWE,FSE,FSE,E,E,T,T,T,T,,,C,C,E,E,—,CD,CD
238,,Smoochum,,,,,B,B,R,T,T,B,B,T,S,S,C,B,B,B,B,DR,DR,C,C,T,T,T,T,C,C,,,CD,CD,C,C,—,—,—
239,,Elekid,,,,,B,B,R,EvB,EvB,B,EvB,EvB,D,D,B,B,B,DW,C,DW,C,FSB,FSB,C,C,C,C,C,C,,,CD,CD,C,T,C,CD,CD
240,,Magby,,,,,B,B,R,EvB,EvB,EvB,B,EvB,D,D,B,B,B,DW,C,C,DW,FSB,FSB,C,C,C,C,C,C,,,CD,CD,T,C,C,CD,CD
241,,Miltank,,,,,C,C,C,T,T,T,T,C,C,C,C,C,C,DW,DW,DW,DW,C,C,Ev,Ev,C,C,C,C,,,CD,CD,C,C,—,—,—
242,,Blissey,,,,,E,E,E,EvE,EvE,E,E,EvE,E,E,E,E,E,DWE,E,E,E,FSE,FSE,E,E,E,E,C,C,,,CD,CD,E,E,C,C,C
243,,Raikou,,,,,C,C,C,Ev,Ev,C,C,Ev,Ev,Ev,Ev,C,C,T,T,T,T,T,T,C,C,T,Ev,C,Ev,,,DA,DA,C,T,—,CD,CCD
244,,Entei,,,,,C,C,C,Ev,Ev,C,C,Ev,Ev,Ev,Ev,C,C,T,T,T,T,T,T,C,C,Ev,T,Ev,C,,,DA,DA,C,T,—,CD,CCD
245,,Suicune,,,,,C,C,C,Ev,Ev,C,C,Ev,Ev,Ev,Ev,C,C,T,T,T,T,T,T,C,C,T,T,CC,CC,,,DA,DA,C,T,—,CD,CCD
246,,Larvitar,,,,,C,C,C,EvB,EvB,C,C,EvB,C,T,S,C,C,B,B,B,B,FSB,C,EvB,EvB,T,T,C,C,,,EV,C,C,T,—,C,CC
247,,Pupitar,,,,,E,E,C,EvB,EvB,E,E,EvB,E,T,E,C,C,C,C,C,C,FS,C,EvB,EvB,T,T,E,E,,,EVE,C,C,T,—,C,CC
248,,Tyranitar,,,,,E,E,E,Ev,Ev,E,E,Ev,E,T,E,E,E,C,C,C,C,FSE,E,Ev,Ev,T,T,E,E,,,EVE,C,E,T,—,C,CC
249,,Lugia,,,,,C,C,C,Ev,Ev,EV,EV,EV,T,T,T,C,C,T,T,DR,DR,Ev,Ev,Ev,C,Ev,Ev,Ev,C,,,CCDA,DA,T,C,—,CCD,CD
250,,Ho-Oh,,,,,C,C,C,Ev,Ev,EV,EV,EV,T,T,T,C,C,T,T,DR,DR,T,T,C,Ev,Ev,Ev,C,T,,,DA,CCDA,C,T,—,CD,CCD
251,,Celebi,,,,,Ev,Ev,C*,Ev,Ev,Ev,Ev,Ev,Ev,Ev,Ev,Ev,Ev,T,T,T,T,Ev,Ev,Ev,Ev,Ev,Ev,Ev,Ev,,,Ev,Ev,T,T,—,—,—
252,,Treecko,,,,,,,,R,R,Ev,Ev,R,T,T,T,R,R,Ev,Ev,T,T,T,T,R,R,T,T,B,B,,,BD,BD,C,C,—,CD,CD
253,,Grovyle,,,,,,,,E,E,EvE,EvE,E,T,T,T,E,E,EvE,EvE,T,T,T,T,E,E,T,T,S,S,,,DA,DA,E,E,—,ED,ED
254,,Sceptile,,,,,,,,E,E,EvE,EvE,E,T,T,T,E,E,Ev,Ev,T,T,T,T,E,E,T,T,E,E,,,DA,DA,E,E,—,ED,ED
255,,Torchic,,,,,,,,R,R,Ev,Ev,R,T,T,T,R,R,Ev,Ev,T,T,Ev,Ev,R,R,T,T,B,B,,,BD,BD,C,C,—,CD,CD
256,,Combusken,,,,,,,,E,E,EvE,EvE,E,T,T,T,E,E,EvE,EvE,T,T,EvE,EvE,E,E,T,T,S,S,,,DA,DA,E,E,—,ED,ED
257,,Blaziken,,,,,,,,E,E,Ev,Ev,E,T,T,T,E,E,Ev,Ev,T,T,EvE,EvE,E,E,T,T,E,E,,,DA,DA,E,E,—,ED,ED
258,,Mudkip,,,,,,,,R,R,Ev,Ev,R,T,T,T,R,R,Ev,Ev,T,T,T,T,R,R,T,T,B,B,,,BD,BD,C,C,—,CD,CD
259,,Marshtomp,,,,,,,,E,E,EvE,EvE,E,T,T,T,E,E,EvE,EvE,T,T,T,T,E,E,T,T,S,S,,,DA,DA,E,E,—,ED,ED
260,,Swampert,,,,,,,,E,E,EvE,EvE,E,T,T,T,E,E,Ev,Ev,T,T,T,T,E,E,T,T,E,E,,,DA,DA,E,E,—,ED,ED
261,,Poochyena,,,,,,,,C,C,T,T,C,B,T,C,S,S,DW,S,DW,DW,B,FSB,C,C,T,T,EvB,EvB,,,—,—,C,C,—,CD,CD
262,,Mightyena,,,,,,,,E,E,T,T,C,C,T,E,E,E,DWE,E,DWE,DWE,C,FS,E,E,T,T,Ev,Ev,,,—,—,C,C,—,CD,CD
263,,Zigzagoon,,,,,,,,C,C,Ev,Ev,C,S,S,S,C,C,DW,DW,DW,DW,C,C,C,C,T,T,T,T,,,RD,RD,C,C,—,—,—
263,,"Zigzagoon
(Galarian Form)",,,,,,,,—,—,—,—,—,—,—,—,—,—,—,—,—,—,—,—,—,—,—,—,—,—,,,C,C,—,—,—,—,—
264,,Linoone,,,,,,,,C,C,EvE,EvE,C,E,E,E,C,C,DWE,DWE,DWE,DWE,E,E,C,C,T,T,T,T,,,ED,ED,E,E,—,—,—
264,,"Linoone
(Galarian Form)",,,,,,,,—,—,—,—,—,—,—,—,—,—,—,—,—,—,—,—,—,—,—,—,—,—,,,C,C,—,—,—,—,—
265,,Wurmple,,,,,,,,C,C,T,T,C,C,C,C,C,C,DW,C,DW,DW,FSB,FSB,C,C,T,T,T,T,,,—,—,C,C,C,—,—
266,,Silcoon,,,,,,,,C,C,T,T,C,C,E,C,C,C,DWE,E,DWE,DWE,FSB,FSB,C,C,T,T,T,T,,,—,—,C,E,C,—,—
267,,Beautifly,,,,,,,,E,E,T,T,E,C,C,C,C,C,DWE,E,DWE,DWE,FS,FS,E,E,T,T,T,T,,,—,—,C,C,C,—,—
268,,Cascoon,,,,,,,,C,C,T,T,C,E,C,C,C,C,DWE,E,DWE,DWE,FS,FS,C,C,T,T,T,T,,,—,—,E,C,C,—,—
269,,Dustox,,,,,,,,E,E,T,T,E,E,C,C,C,C,DWE,E,DWE,DWE,FSE,FSE,E,E,T,T,T,T,,,—,—,E,C,C,—,—
270,,Lotad,,,,,,,,Ev,C,Ev,Ev,C,D,D,D,C,C,DW,C,B,B,B,B,T,C,T,T,B,B,,,T,C,T,C,—,CD,CD
271,,Lombre,,,,,,,,EvE,C,EvE,EvE,C,D,D,D,C,C,DWE,E,C,C,C,C,T,C,T,T,C,C,,,T,C,T,C,—,CD,CD
272,,Ludicolo,,,,,,,,Ev,E,EvE,EvE,E,DE,DE,DE,E,E,DWE,E,E,E,E,E,T,E,T,T,E,E,,,T,C,T,E,—,CD,CD
273,,Seedot,,,,,,,,C,CCS,Ev,Ev,C,D,D,D,C,C,DW,C,CCB,CCB,FSB,FSB,C,T,T,T,B,B,,,C,T,C,T,—,CD,CD
274,,Nuzleaf,,,,,,,,C,CCS,EvE,EvE,C,D,D,D,C,C,DWE,E,CC,CC,FS,FS,C,T,T,T,C,C,,,C,T,C,T,—,CD,CD
275,,Shiftry,,,,,,,,E,CCE,EvE,EvE,E,DE,DE,DE,E,E,DWE,E,CC,CC,FSE,FSE,E,T,T,T,E,E,,,C,T,E,T,—,CD,CD
276,,Taillow,,,,,,,,C,C,Ev,Ev,C,B,B,B,C,C,B,B,B,B,C,C,C,C,T,T,B,B,,,—,—,B,B,—,—,—
277,,Swellow,,,,,,,,C,C,EvE,EvE,C,C,C,C,E,E,C,C,S,S,E,E,E,E,T,T,C,C,,,—,—,C,C,—,—,—
278,,Wingull,,,,,,,,C,C,T,T,C,C,C,C,S,S,C,C,B,B,C,C,C,C,C,C,C,C,,,C,C,C,C,—,C,C
279,,Pelipper,,,,,,,,C,C,T,T,C,C,C,C,E,E,C,C,C,C,E,E,C,C,C,C,C,C,,,C,C,C,C,—,C,C
280,,Ralts,,,,,,,,C,C,T,T,C,C,C,C,S,S,DW,C,R,R,C,C,C,C,T,T,S,S,,,C,C,C,C,C,C,C
281,,Kirlia,,,,,,,,E,E,T,T,E,C,C,C,E,E,DWE,E,E,E,E,E,E,E,T,T,E,E,,,C,C,C,C,C,C,C
282,,Gardevoir,,,,,,,,E,E,T,T,E,E,E,E,E,E,DWE,E,E,E,E,E,E,E,T,T,E,E,,,C,C,E,E,C,C,C
283,,Surskit,,,,,,,,C,C,Ev,Ev,CCS,S,S,C,C,C,DW,C,B,B,B,B,C,C,C,C,C,C,,,—,—,C,C,—,C,C
284,,Masquerain,,,,,,,,E,E,EvE,EvE,CCE,E,E,C,C,C,DWE,E,S,S,C,C,C,C,C,C,C,C,,,—,—,E,E,—,C,C
285,,Shroomish,,,,,,,,C,C,T,T,C,S,S,S,C,C,S,DW,B,B,FSB,FSB,C,C,T,T,T,T,,,—,—,S,S,—,C,C
286,,Breloom,,,,,,,,E,E,T,T,E,E,E,E,C,C,E,DWE,C,C,FS,FS,E,E,T,T,T,T,,,—,—,E,E,—,C,C
287,,Slakoth,,,,,,,,C,C,T,T,C,S,S,S,C,C,DW,C,B,B,T,T,C,C,B,B,T,T,,,—,—,S,S,—,C,C
288,,Vigoroth,,,,,,,,E,E,T,T,E,E,E,E,C,C,DWE,E,C,C,T,T,E,E,S,S,T,T,,,—,—,E,E,—,C,C
289,,Slaking,,,,,,,,E,E,T,T,E,E,E,E,E,E,DWE,E,C,C,T,T,E,E,E,E,T,T,,,—,—,E,E,—,C,C
290,,Nincada,,,,,,,,C,C,T,T,C,C,C,C,C,C,DW,DW,DW,DW,C,C,C,C,T,T,T,T,,,C,C,C,C,—,—,—
291,,Ninjask,,,,,,,,E,E,T,T,E,E,E,E,E,E,DWE,DWE,DWE,DWE,E,E,E,E,T,T,T,T,,,C,C,E,E,—,—,—
292,,Shedinja,,,,,,,,E,E,T,T,E,E,E,E,E,E,DWE,DWE,DWE,DWE,E,E,E,E,T,T,T,T,,,D,D,E,E,—,—,—
293,,Whismur,,,,,,,,C,C,Ev,Ev,C,B,B,B,C,C,DW,C,DW,DW,C,C,C,C,T,T,T,T,,,CD,CD,B,B,—,—,—
294,,Loudred,,,,,,,,C,C,EvE,EvE,C,C,C,C,E,E,DWE,E,DWE,DWE,E,E,C,C,T,T,T,T,,,CD,CD,C,C,—,—,—
295,,Exploud,,,,,,,,E,E,EvE,EvE,E,E,E,E,E,E,DWE,E,DWE,DWE,E,E,E,E,T,T,T,T,,,DD,DD,E,E,—,—,—
296,,Makuhita,,,,,,,,C,C,T,T,C,S,S,S,C,C,DW,DW,B,B,B,B,C,C,C,C,C,C,,,—,—,S,S,—,C,C
297,,Hariyama,,,,,,,,C,C,T,T,C,E,E,E,E,E,DWE,DWE,C,C,C,C,C,C,C,C,C,C,,,—,—,E,E,—,C,C
298,,Azurill,,,,,,,,B,B,T,B,B,C,C,C,C,C,DWB,C,C,C,C,C,B,B,B,B,T,T,,,CD,CD,C,C,—,C,C
299,,Nosepass,,,,,,,,C,C,T,T,C,S,S,C,C,C,DW,DW,C,C,C,C,C,C,C,C,C,C,,,—,—,S,S,C,CD,CD
300,,Skitty,,,,,,,,C,C,Ev,Ev,C,S,S,S,PW,PW,DW,DW,DW,C,C,C,C,C,T,T,T,T,,,—,—,C,C,—,—,—
301,,Delcatty,,,,,,,,E,E,EvE,EvE,E,E,E,E,PWE,PWE,DWE,DWE,DWE,C,E,E,E,E,T,T,T,T,,,—,—,E,E,—,—,—
302,,Sableye,,,,,,,,Ev,C,Ev,Ev,C,D,D,D,S,T,C,C,R,R,C,C,Ev,C,C,C,C,C,,,T,C,T,C,—,C,C
303,,Mawile,,,,,,,,C,Ev,Ev,Ev,C,D,D,D,T,S,C,C,R,R,C,C,C,T,T,T,C,C,,,C,T,C,T,—,—,—
304,,Aron,,,,,,,,C,C,T,T,C,C,T,C,C,C,DW,C,C,C,C,EvB,C,C,T,T,B,B,,,CD,CD,C,C,—,—,—
305,,Lairon,,,,,,,,C,C,T,T,C,E,T,E,C,C,DWE,E,C,C,C,EvB,C,C,T,T,B,B,,,CD,CD,C,C,—,—,—
306,,Aggron,,,,,,,,E,E,T,T,E,E,T,E,E,E,DWE,E,E,E,E,Ev,E,E,T,T,S,S,,,CD,CD,E,E,—,—,—
307,,Meditite,,,,,,,,C,C,Ev,Ev,Ev,C,C,C,C,C,DW,DW,B,B,C,C,C,C,T,T,B,B,,,—,—,C,C,—,C,C
308,,Medicham,,,,,,,,C,C,EvE,EvE,EvE,C,C,C,C,C,DWE,DWE,C,C,E,E,C,C,T,T,C,C,,,—,—,C,C,—,C,C
309,,Electrike,,,,,,,,C,C,T,T,C,S,S,S,C,C,DW,DW,B,B,FSB,C,C,C,T,T,T,C,,,C,C,S,S,—,—,—
310,,Manectric,,,,,,,,C,C,T,T,C,E,E,E,C,C,DWE,DWE,C,C,FS,E,E,E,T,T,T,C,,,C,C,E,E,—,—,—
311,,Plusle,,,,,,,,C,C,Ev,Ev,C,S,S,S,C,C,S,DW,S,DW,C,C,C,C,T,T,T,T,,,—,—,S,S,—,CD,CD
312,,Minun,,,,,,,,C,C,Ev,Ev,C,S,S,S,C,C,DW,S,DW,S,C,C,C,C,T,T,T,T,,,—,—,S,S,—,CD,CD
313,,Volbeat,,,,,,,,C,C,T,T,C,C,C,C,C,C,S,B,S,B,C,C,C,C,T,T,T,T,,,—,—,C,C,—,CD,CD
314,,Illumise,,,,,,,,C,C,T,T,C,C,C,C,C,C,B,S,B,S,C,C,C,C,T,T,T,T,,,—,—,C,C,—,CD,CD
315,,Roselia,,,,,,,,C,C,Ev,Ev,Ev,C,C,C,C,C,DW,E,C,C,C,C,C,C,S,S,T,T,,,C,C,C,C,C,—,—
316,,Gulpin,,,,,,,,C,C,T,T,C,S,S,S,T,S,DW,DW,B,B,C,C,C,C,T,T,T,T,,,—,—,S,S,—,CC,C
317,,Swalot,,,,,,,,E,E,T,T,E,E,E,E,T,E,DWE,DWE,S,S,E,E,E,E,T,T,T,T,,,—,—,E,E,—,CC,C
318,,Carvanha,,,,,,,,C,C,T,T,C,C,C,C,PW,PW,C,C,C,C,C,C,C,C,B,B,C,C,,,CD,CD,C,C,—,—,—
319,,Sharpedo,,,,,,,,C,C,T,T,C,C,C,E,PWE,PWE,C,C,C,C,C,C,C,C,C,C,C,C,,,CD,CD,C,C,—,—,—
320,,Wailmer,,,,,,,,C,C,T,T,C,C,C,C,PW,PW,C,C,C,C,C,C,C,C,C,C,C,C,,,C,C,C,C,—,—,—
321,,Wailord,,,,,,,,C,C,T,T,C,C,C,C,PWE,PWE,C,C,C,C,E,E,E,E,C,C,C,C,,,C,C,C,C,—,—,—
322,,Numel,,,,,,,,C,C,T,T,C,C,C,C,C,C,DW,DW,DW,C,FSB,FSB,C,C,T,T,T,T,,,—,—,C,C,—,C,C
323,,Camerupt,,,,,,,,E,E,T,T,E,C,C,C,E,E,DWE,DW,DWE,C,FS,FS,R,R,T,T,T,T,,,—,—,C,C,—,C,C
324,,Torkoal,,,,,,,,C,C,T,T,C,C,C,C,C,C,DW,DW,DW,DW,C,C,C,C,C,C,C,C,,,C,C,C,C,—,C,C
325,,Spoink,,,,,,,,C,C,Ev,Ev,C,S,S,S,C,C,DW,DW,C,DW,C,C,C,C,T,T,B,B,,,—,—,S,S,—,C,C
326,,Grumpig,,,,,,,,E,E,EvE,EvE,E,E,E,E,E,E,DWE,DWE,C,DWE,E,E,E,E,T,T,C,C,,,—,—,E,E,—,C,C
327,,Spinda,,,,,,,,C,C,Ev,Ev,C,S,S,S,C,C,DW,DW,R,R,C,C,C,C,C,C,C,C,,,—,—,S,S,—,—,—
328,,Trapinch,,,,,,,,C,C,T,T,C,C,C,T,C,C,DW,C,C,C,C,C,C,C,C,C,C,C,,,C,C,C,C,—,CD,CD
329,,Vibrava,,,,,,,,E,E,T,T,E,C,C,T,C,C,DWE,E,C,C,E,E,E,E,E,E,E,E,,,D,D,C,C,—,CD,CD
330,,Flygon,,,,,,,,E,E,T,T,E,E,E,T,E,E,DWE,E,E,E,E,E,E,E,E,E,E,E,,,C,C,E,E,—,CD,CD
331,,Cacnea,,,,,,,,C,C,Ev,Ev,C,C,C,C,C,C,DW,DW,B,B,FSB,FSB,C,C,T,T,T,T,,,—,—,C,C,—,C,C
332,,Cacturne,,,,,,,,E,E,EvE,EvE,E,C,C,C,C,C,DWE,DWE,S,S,FS,FS,E,E,T,T,T,T,,,—,—,C,C,—,C,C
333,,Swablu,,,,,,,,C,C,Ev,Ev,C,C,C,C,S,S,B,B,C,C,C,C,C,C,T,T,B,B,,,CD,CD,C,C,—,C,C
334,,Altaria,,,,,,,,C,C,EvE,EvE,C,E,E,E,E,E,C,C,C,C,C,C,E,E,T,T,C,C,,,CD,CD,E,E,—,C,C
335,,Zangoose,,,,,,,,C,Ev,Ev,Ev,Ev,D,D,D,C,C,C,C,C,C,C,C,C,T,T,T,T,T,,,—,—,C,T,—,C,C
336,,Seviper,,,,,,,,Ev,C,Ev,Ev,C,D,D,D,C,C,C,C,C,C,C,C,T,C,T,T,T,T,,,—,—,T,C,—,C,C
337,,Lunatone,,,,,,,,Ev,C,Ev,Ev,Ev,D,D,D,C,C,C,C,C,C,C,C,T,C,Ev,Ev,T,T,,,T,C,T,C,—,—,—
338,,Solrock,,,,,,,,C,Ev,Ev,Ev,C,D,D,D,C,C,C,C,C,C,C,C,C,T,Ev,Ev,T,T,,,C,T,C,T,—,—,—
339,,Barboach,,,,,,,,C,C,T,T,C,C,C,C,C,C,C,C,C,C,C,C,C,C,C,C,C,C,,,C,C,C,C,C,C,C
340,,Whiscash,,,,,,,,C,C,T,T,C,C,C,C,S,S,C,C,C,C,C,C,C,C,C,C,E,E,,,C,C,C,C,C,C,C
341,,Corphish,,,,,,,,C,C,Ev,Ev,C,C,C,C,C,C,DW,C,C,C,C,C,C,C,T,T,C,C,,,C,C,C,C,—,CD,CD
342,,Crawdaunt,,,,,,,,E,E,EvE,EvE,E,C,C,C,E,E,DWE,E,C,C,C,C,C,C,T,T,C,C,,,C,C,C,C,—,CD,CD
343,,Baltoy,,,,,,,,C,C,T,T,C,C,C,C,S,T,B,B,C,C,T,T,C,C,T,T,T,C,,,C,C,C,C,—,—,—
344,,Claydol,,,,,,,,C,C,T,T,C,E,E,E,E,T,C,C,E,E,T,T,C,C,T,T,T,E,,,C,C,E,E,—,—,—
345,,Lileep,,,,,,,,R,R,T,T,R,R,R,R,T,R,R,R,R,R,R,T,R,R,T,T,R,R,,,CD,CD,R,R,—,—,—
346,,Cradily,,,,,,,,E,E,T,T,E,E,E,E,T,E,E,E,E,E,E,T,E,E,T,T,E,E,,,DA,DA,E,E,—,—,—
347,,Anorith,,,,,,,,R,R,T,T,R,R,R,R,R,T,R,R,R,R,R,T,R,R,T,T,R,R,,,CD,CD,R,R,—,—,—
348,,Armaldo,,,,,,,,E,E,T,T,E,E,E,E,E,T,E,E,E,E,E,T,E,E,T,T,E,E,,,CD,CD,E,E,—,—,—
349,,Feebas,,,,,,,,C,C,T,T,C,C,C,C,PW,PW,C,C,C,C,T,T,C,C,C,C,C,C,,,C,C,C,C,—,CD,CD
350,,Milotic,,,,,,,,E,E,T,T,E,E,E,E,PWE,PWE,C,C,C,C,T,T,E,E,ET,ET,ET,ET,,,C,C,E,E,—,CD,CD
351,,Castform,,,,,,,,R,R,T,T,R,S,S,S,PW,PW,DW,DW,C,C,T,T,R,R,C,C,C,C,,,—,—,S,S,—,—,—
352,,Kecleon,,,,,,,,C,C,T,T,C,C,T,S,PW,PW,DW,DW,CC,CC,C,C,C,C,T,T,C,C,,,—,—,C,T,—,—,—
353,,Shuppet,,,,,,,,C,C,T,T,C,B,B,B,C,C,S,S,B,B,B,B,C,C,T,T,C,C,,,—,—,B,B,—,C,C
354,,Banette,,,,,,,,E,C,T,T,C,C,C,C,C,C,E,E,C,C,C,C,E,E,T,T,C,C,,,—,—,C,C,—,C,C
355,,Duskull,,,,,,,,C,C,T,T,C,C,C,C,C,C,DW,DW,DW,DW,FSB,FSB,C,C,T,T,T,T,,,C,C,C,C,C,CD,CD
356,,Dusclops,,,,,,,,C,E,T,T,E,C,C,C,C,C,DWE,DWE,DWE,DWE,FS,FS,E,E,T,T,T,T,,,C,C,C,C,C,CD,CD
357,,Tropius,,,,,,,,C,C,T,T,C,Ev,Ev,C,PW,PW,C,C,C,C,FS,FS,C,C,T,T,C,C,,,—,—,C,C,—,C,C
358,,Chimecho,,,,,,,,C,C,Ev,Ev,C,C,C,C,C,C,C,C,DW,DW,E,E,C,C,T,T,T,T,,,—,—,C,C,C,CD,CD
359,,Absol,,,,,,,,C,C,Ev,Ev,C,S,S,C,C,C,C,C,C,C,C,C,C,C,C,C,C,C,,,CD,CD,C,C,—,—,—
360,,Wynaut,,,,,,,,C,C,B,B,C,B,B,B,B,B,S,S,B,B,B,B,R,R,T,T,T,T,,,D,D,B,B,—,—,—
361,,Snorunt,,,,,,,,C,C,T,T,C,C,C,C,PW,PW,DW,DW,DW,DW,FS,FS,C,C,C,C,C,C,,,C,C,C,C,C,C,C
362,,Glalie,,,,,,,,E,E,T,T,E,E,E,E,PWE,PWE,DWE,DWE,DWE,DWE,FSE,FSE,E,E,C,C,C,C,,,C,C,C,C,C,C,C
363,,Spheal,,,,,,,,C,C,T,T,C,T,C,B,C,C,C,C,C,C,FS,FS,C,C,S,S,S,S,,,CD,CD,B,C,C,—,—
364,,Sealeo,,,,,,,,E,E,T,T,E,T,C,C,C,C,C,C,C,C,FSE,FSE,C,C,E,E,E,E,,,CD,CD,E,C,C,—,—
365,,Walrein,,,,,,,,E,E,T,T,E,T,E,E,E,E,C,C,C,C,FSE,FSE,E,E,E,E,E,E,,,CD,CD,C,C,C,—,—
366,,Clamperl,,,,,,,,C,C,T,T,C,C,C,T,S,S,C,C,C,C,C,C,C,C,T,T,C,C,,,—,—,C,C,—,—,—
367,,Huntail,,,,,,,,ET,ET,T,T,ET,ET,ET,T,ET,ET,C,ET,C,ET,C,ET,ET,ET,T,T,C,C,,,—,—,ET,ET,—,—,—
368,,Gorebyss,,,,,,,,ET,ET,T,T,ET,ET,ET,T,ET,ET,ET,C,ET,C,ET,C,ET,ET,T,T,C,C,,,—,—,ET,ET,—,—,—
369,,Relicanth,,,,,,,,C,C,T,T,C,C,C,C,S,S,C,C,C,C,C,C,C,C,C,C,C,C,,,CD,CD,C,C,—,—,—
370,,Luvdisc,,,,,,,,C,C,T,T,C,C,C,C,S,S,C,C,C,C,C,C,C,C,C,C,C,C,,,—,—,C,C,—,C,C
371,,Bagon,,,,,,,,C,C,T,T,C,EvB,C,C,C,C,DW,C,C,C,C,C,C,C,C,C,C,C,,,CD,T,T,C,—,CC,C
372,,Shelgon,,,,,,,,E,E,T,T,E,EvB,E,E,C,C,DWE,E,E,E,E,E,E,E,C,C,C,C,,,DD,T,T,C,—,CC,C
373,,Salamence,,,,,,,,E,E,T,T,E,Ev,E,E,E,E,DWE,E,E,E,E,E,E,E,C,C,C,C,,,CD,T,T,E,—,CC,C
374,,Beldum,,,,,,,,R,R,EvB,EvB,R,S,S,S,C,C,B,B,B,B,FSB,FSB,R,R,C,C,C,C,,,CD,CD,C,C,—,CD,CD
375,,Metang,,,,,,,,E,E,Ev,Ev,E,E,E,E,C,C,C,C,C,C,FS,FS,E,E,C,C,E,E,,,CD,CD,E,E,—,CD,CD
376,,Metagross,,,,,,,,E,E,EvE,EvE,E,E,E,E,E,E,C,C,C,C,FSE,FSE,E,E,E,E,E,E,,,CD,CD,E,E,—,CD,CD
377,,Regirock,,,,,,,,C,C,Ev,Ev,C,T,T,EV,T,T,T,T,C,C,Ev,Ev,C,C,T,T,C,C,,,CD,CD,C,C,—,T,T
378,,Regice,,,,,,,,C,C,Ev,Ev,C,T,T,EV,T,T,T,T,CC,C,Ev,Ev,C,C,T,T,C,C,,,CD,CD,C,C,—,T,T
379,,Registeel,,,,,,,,C,C,Ev,Ev,C,T,T,EV,T,T,T,T,C,CC,Ev,Ev,C,C,T,T,C,C,,,CD,CD,C,C,—,T,T
380,,Latias,,,,,,,,EV,C,Ev,Ev,C,T,T,T,C,EV,T,T,T,C,T,T,EV,R,Ev,T,Ev,C,,,CCDA,DA,C,C,—,CCD,CD
381,,Latios,,,,,,,,C,EV,Ev,Ev,C,T,T,T,EV,C,T,T,C,T,Ev,Ev,R,EV,T,Ev,C,Ev,,,DA,CCDA,C,C,—,CD,CCD
382,,Kyogre,,,,,,,,T,C,T,T,C,T,T,T,C,T,Ev,Ev,T,Ev,Ev,Ev,Ev,C,Ev,T,Ev,C,,,CCDA,DA,C,C,—,CCD,CD
383,,Groudon,,,,,,,,C,T,T,T,C,T,T,T,T,C,Ev,Ev,Ev,T,Ev,Ev,C,Ev,T,Ev,C,Ev,,,DA,CCDA,C,C,—,CD,CCD
384,,Rayquaza,,,,,,,,C,C,T,T,C,Ev,Ev,T,CC,CC,Ev,Ev,T,T,Ev,Ev,C,C,T,T,CC,CC,,,DA,DA,C,C,—,CCD,CCD
385,,Jirachi,,,,,,,,Ev,Ev,Ev,Ev,Ev,Ev,Ev,Ev,Ev,Ev,Ev,Ev,Ev,Ev,Ev,Ev,Ev,Ev,Ev,Ev,Ev,Ev,,,T,T,CCR,CCR,—,T,T
386,,Deoxys,,,,,,,,Ev,Ev,EV,EV,EV,Ev,Ev,Ev,Ev,Ev,Ev,Ev,Ev,Ev,T,T,C,C,T,T,T,T,,,—,—,T,T,—,T,T
387,,Turtwig,,,,,,,,,,,,,R,R,R,T,T,Ev,Ev,EvB,EvB,T,T,R,R,T,T,B,B,,,—,—,C,C,C,CD,CD
388,,Grotle,,,,,,,,,,,,,E,E,E,T,T,EvE,EvE,EvB,EvB,T,T,E,E,T,T,S,S,,,—,—,E,E,C,ED,ED
389,,Torterra,,,,,,,,,,,,,E,E,E,T,T,EvE,EvE,Ev,Ev,T,T,E,E,T,T,E,E,,,—,—,E,E,C,ED,ED
390,,Chimchar,,,,,,,,,,,,,R,R,R,Ev,Ev,Ev,Ev,EvB,EvB,EvB,EvB,R,R,T,T,B,B,,,—,—,C,C,C,CD,CD
391,,Monferno,,,,,,,,,,,,,E,E,E,EvE,EvE,EvE,EvE,EvB,EvB,EvB,EvB,E,E,T,T,S,S,,,—,—,E,E,C,ED,ED
392,,Infernape,,,,,,,,,,,,,E,E,E,EvE,EvE,EvE,EvE,Ev,Ev,Ev,Ev,E,E,T,T,E,E,,,—,—,E,E,C,ED,ED
393,,Piplup,,,,,,,,,,,,,R,R,R,T,T,Ev,Ev,Ev,Ev,Ev,Ev,R,R,Ev,Ev,B,B,,,—,—,C,C,C,CD,CD
394,,Prinplup,,,,,,,,,,,,,E,E,E,T,T,EvE,EvE,EvE,EvE,EvE,EvE,E,E,EvE,EvE,S,S,,,—,—,E,E,C,ED,ED
395,,Empoleon,,,,,,,,,,,,,E,E,E,T,T,EvE,EvE,Ev,Ev,EvE,EvE,E,E,EvE,EvE,E,E,,,—,—,E,E,C,ED,ED
396,,Starly,,,,,,,,,,,,,C,C,C,C,C,DWB,C,DWB,DWB,C,C,T,T,B,B,T,T,,,—,—,C,C,C,C,C
397,,Staravia,,,,,,,,,,,,,C,C,C,E,E,DW,E,DW,DW,C,C,T,T,S,S,T,T,,,—,—,C,C,C,C,C
398,,Staraptor,,,,,,,,,,,,,E,E,E,E,E,DWE,E,DWE,DWE,E,E,T,T,E,E,T,T,,,—,—,E,E,C,C,C
399,,Bidoof,,,,,,,,,,,,,C,C,C,C,C,B,B,B,B,C,C,T,T,T,T,T,T,,,—,—,C,C,C,—,—
400,,Bibarel,,,,,,,,,,,,,C,C,C,E,E,C,C,C,C,C,C,T,T,T,T,T,T,,,—,—,C,C,C,—,—
401,,Kricketot,,,,,,,,,,,,,C,C,C,C,C,B,B,DW,DW,T,T,B,B,T,T,T,T,,,—,—,C,C,C,C,C
402,,Kricketune,,,,,,,,,,,,,C,C,C,C,C,C,C,DWE,DWE,T,T,C,C,T,T,T,T,,,—,—,C,C,C,C,C
403,,Shinx,,,,,,,,,,,,,C,C,C,C,C,DW,C,DW,DW,FSB,FSB,B,B,B,B,T,T,,,CD,CD,C,C,C,C,C
404,,Luxio,,,,,,,,,,,,,C,C,C,C,C,DWE,E,DWE,DWE,FS,FS,C,C,S,S,T,T,,,CD,CD,C,C,C,C,C
405,,Luxray,,,,,,,,,,,,,E,E,E,E,E,DWE,E,DWE,DWE,FSE,FSE,E,E,E,E,T,T,,,CD,CD,E,E,C,C,C
406,,Budew,,,,,,,,,,,,,C,C,C,C,C,DWB,C,B,B,C,C,B,B,B,B,T,T,,,C,C,C,C,C,—,—
407,,Roserade,,,,,,,,,,,,,E,E,E,E,E,DWE,E,C,C,E,E,E,E,E,E,T,T,,,C,C,E,E,C,—,—
408,,Cranidos,,,,,,,,,,,,,R,T,R,T,T,R,R,R,R,R,R,T,R,R,T,R,R,,,—,—,R,T,C,CD,CCD
409,,Rampardos,,,,,,,,,,,,,E,T,E,T,T,E,E,E,E,E,E,T,E,E,T,E,E,,,—,—,E,T,C,CD,CCD
410,,Shieldon,,,,,,,,,,,,,T,R,R,T,T,R,R,R,R,R,R,R,T,T,R,R,R,,,—,—,T,R,C,CCD,CD
411,,Bastiodon,,,,,,,,,,,,,T,E,E,T,T,E,E,E,E,E,E,E,T,T,E,E,E,,,—,—,T,E,C,CCD,CD
412,,Burmy,,,,,,,,,,,,,C,C,C,C,C,DW,DW,DW,DW,C,C,T,T,T,T,T,T,,,—,—,C,C,C,—,—
413,,Wormadam,,,,,,,,,,,,,E,E,E,E,E,DWE,DWE,DWE,DWE,E,E,T,T,T,T,T,T,,,—,—,E,E,C,—,—
414,,Mothim,,,,,,,,,,,,,E,E,E,E,E,DWE,DWE,DWE,DWE,E,E,T,T,T,T,T,T,,,—,—,E,E,C,—,—
415,,Combee,,,,,,,,,,,,,C,C,C,C,C,C,C,C,C,C,C,T,T,T,T,T,T,,,C,C,C,C,C,C,C
416,,Vespiquen,,,,,,,,,,,,,E,E,E,E,E,C,C,C,C,E,E,T,T,T,T,T,T,,,C,C,E,E,C,C,C
417,,Pachirisu,,,,,,,,,,,,,C,C,C,C,C,DW,DW,C,C,C,C,Ev,Ev,T,T,T,T,,,—,—,C,C,C,C,C
418,,Buizel,,,,,,,,,,,,,C,C,C,C,C,C,C,C,C,B,B,T,T,T,T,B,B,,,—,—,C,C,C,C,C
419,,Floatzel,,,,,,,,,,,,,C,C,C,C,C,C,C,C,C,C,C,T,T,T,T,C,C,,,—,—,C,C,C,C,C
420,,Cherubi,,,,,,,,,,,,,C,C,C,C,C,B,B,DW,DW,T,T,B,B,T,T,T,T,,,C,C,C,C,C,—,—
421,,Cherrim,,,,,,,,,,,,,E,E,E,E,E,C,C,DWE,DWE,T,T,C,C,T,T,T,T,,,D,D,E,E,C,—,—
422,,Shellos,,,,,,,,,,,,,C,C,C,PW,PW,DW,DW,R,R,FSB,FSB,C,T,T,T,R,R,,,T,T,C,C,C,C,C
422,,Shellos,,,,,,,,,,,,,C,C,C,T,T,DW,DW,R,R,T,T,T,C,B,B,B,B,,,C,C,C,C,C,C,C
423,,Gastrodon,,,,,,,,,,,,,C,C,C,PWE,PWE,DWE,DWE,E,E,FS,FS,E,T,T,T,E,E,,,T,T,C,C,C,C,C
423,,Gastrodon,,,,,,,,,,,,,C,C,C,T,T,DWE,DWE,E,E,T,T,T,E,C,C,C,C,,,C,C,C,C,C,C,C
424,,Ambipom,,,,,,,,,,,,,E,E,E,E,E,DWE,DWE,R,R,FSE,FSE,E,E,T,T,C,C,,,—,—,E,E,C,CCD,CD
425,,Drifloon,,,,,,,,,,,,,C,C,C,T,T,B,B,C,C,C,C,C,C,C,C,C,C,,,C,C,C,C,C,C,CC
426,,Drifblim,,,,,,,,,,,,,E,E,E,T,T,C,C,C,C,E,E,E,E,C,C,E,E,,,C,C,E,E,C,C,CC
427,,Buneary,,,,,,,,,,,,,C,C,C,S,S,DW,DW,C,DW,T,T,C,C,T,T,C,C,,,CD,CD,C,C,C,—,—
428,,Lopunny,,,,,,,,,,,,,E,E,E,E,E,DWE,DWE,C,DWE,T,T,E,E,T,T,C,C,,,CD,CD,E,E,C,—,—
429,,Mismagius,,,,,,,,,,,,,T,E,T,E,E,DWE,C,DWE,DWE,T,T,E,E,C,C,E,E,,,—,—,T,E,C,CC,C
430,,Honchkrow,,,,,,,,,,,,,E,T,T,E,E,C,DWE,E,E,E,E,E,E,E,E,C,C,,,—,—,E,T,C,C,C
431,,Glameow,,,,,,,,,,,,,T,C,T,T,T,DW,DW,CCEv,Ev,T,T,C,C,T,T,T,T,,,—,—,T,C,C,—,—
432,,Purugly,,,,,,,,,,,,,T,C,T,T,T,DWE,DWE,CCEvE,EvE,T,T,C,C,T,T,T,T,,,—,—,T,C,C,—,—
433,,Chingling,,,,,,,,,,,,,C,C,C,C,C,B,B,DWB,DWB,C,C,B,B,T,T,T,T,,,—,—,C,C,C,CD,CD
434,,Stunky,,,,,,,,,,,,,C,T,T,T,T,DW,DW,Ev,CCEv,C,C,T,T,T,T,T,T,,,C,C,C,T,C,C,CC
435,,Skuntank,,,,,,,,,,,,,C,T,T,T,T,DWE,DWE,EvE,CCEvE,E,E,T,T,T,T,T,T,,,C,C,C,T,C,C,CC
436,,Bronzor,,,,,,,,,,,,,C,C,C,C,C,B,B,C,C,FSB,FSB,C,C,T,T,T,T,,,C,C,C,C,C,C,C
437,,Bronzong,,,,,,,,,,,,,C,C,C,C,C,C,C,C,C,FS,FS,E,E,T,T,T,T,,,C,C,C,C,C,C,C
438,,Bonsly,,,,,,,,,,,,,S,C,S,B,B,DWB,DWB,B,DWB,B,B,T,T,C,C,C,C,,,C,C,S,C,C,C,C
439,,Mime Jr.,,,,,,,,,,,,,C,S,S,B,B,DWB,DWB,DWB,B,C,C,T,T,T,T,C,C,,,C,C,C,S,C,—,—
440,,Happiny,,,,,,,,,,,,,S,S,S,B,B,DWB,C,R,R,FSB,FSB,C,C,C,C,C,C,,,CD,CD,S,S,C,C,C
441,,Chatot,,,,,,,,,,,,,C,C,C,C,C,DW,DW,C,C,C,C,C,C,T,T,T,T,,,—,—,C,C,C,—,—
442,,Spiritomb,,,,,,,,,,,,,CC,CC,CC,PW,PW,DW,DW,R,R,FS,FS,C,C,T,T,T,T,,,CCD,CCD,C,C,C,C,C
443,,Gible,,,,,,,,,,,,,C,C,C,C,C,DW,DW,R,DW,C,C,C,C,B,B,B,B,,,T,CD,C,C,C,C,C
444,,Gabite,,,,,,,,,,,,,E,E,C,E,E,DWE,DWE,E,DWE,E,E,E,E,C,C,C,C,,,T,DD,C,C,C,C,C
445,,Garchomp,,,,,,,,,,,,,E,E,E,E,E,DWE,DWE,E,DWE,E,E,E,E,E,E,E,E,,,T,CD,E,E,C,C,C
446,,Munchlax,,,,,,,,,,,,,C,C,C,B,B,R,R,B,B,B,B,T,T,C,C,C,C,,,C,C,C,C,C,CD,CD
447,,Riolu,,,,,,,,,,,,,R,R,R,C,C,C,C,C,C,C,C,T,T,C,C,C,C,,,C,C,R,R,C,C,C
448,,Lucario,,,,,,,,,,,,,E,E,E,E,E,E,E,E,E,R,R,Ev,Ev,C,C,C,C,,,C,C,E,E,C,C,C
449,,Hippopotas,,,,,,,,,,,,,C,C,C,C,C,S,S,B,B,C,C,T,T,T,T,B,B,,,C,C,C,C,C,C,C
450,,Hippowdon,,,,,,,,,,,,,C,C,C,E,E,E,E,S,S,E,E,T,T,T,T,C,C,,,C,C,C,C,C,C,C
451,,Skorupi,,,,,,,,,,,,,S,S,S,C,C,DW,DW,C,C,C,C,C,C,T,T,B,B,,,C,C,C,C,C,—,—
452,,Drapion,,,,,,,,,,,,,S,S,S,E,E,DWE,DWE,E,E,C,C,E,E,T,T,C,C,,,C,C,S,S,C,—,—
453,,Croagunk,,,,,,,,,,,,,S,S,C,C,C,S,S,C,C,C,C,T,T,T,T,T,T,,,T,C,C,C,C,C,C
454,,Toxicroak,,,,,,,,,,,,,S,S,S,E,E,E,E,C,C,E,E,T,T,T,T,T,T,,,T,C,S,S,C,C,C
455,,Carnivine,,,,,,,,,,,,,S,S,S,C,C,DW,DW,C,C,C,C,T,T,T,T,T,T,,,—,—,S,S,C,—,—
456,,Finneon,,,,,,,,,,,,,C,C,C,PW,PW,C,C,C,C,T,T,C,C,C,C,C,C,,,—,—,C,C,C,C,C
457,,Lumineon,,,,,,,,,,,,,C,C,C,PWE,PWE,C,C,C,C,T,T,E,E,C,C,C,C,,,—,—,C,C,C,C,C
458,,Mantyke,,,,,,,,,,,,,C,C,C,B,T,C,C,C,C,C,C,C,C,T,T,C,C,,,C,C,C,C,C,—,—
459,,Snover,,,,,,,,,,,,,C,C,C,PW,PW,DW,DW,DW,DW,C,C,T,T,T,T,B,B,,,C,C,C,C,C,C,C
460,,Abomasnow,,,,,,,,,,,,,C,C,C,PWE,PWE,DWE,DWE,DWE,DWE,C,C,T,T,T,T,C,C,,,C,C,C,C,C,C,C
461,,Weavile,,,,,,,,,,,,,E,E,E,E,E,E,E,E,E,E,E,T,T,E,E,E,E,,,C,C,E,E,C,C,C
462,,Magnezone,,,,,,,,,,,,,E,E,E,T,T,DWE,E,C,C,E,E,E,E,E,E,E,E,,,CD,CD,E,E,C,C,C
463,,Lickilicky,,,,,,,,,,,,,E,E,E,E,E,E,E,C,C,E,E,T,T,T,T,E,E,,,CD,CD,E,E,C,—,—
464,,Rhyperior,,,,,,,,,,,,,ET,ET,ET,ET,ET,DWET,ET,ET,ET,ET,ET,ET,ET,ET,ET,ET,ET,,,D,D,ET,ET,C,CD,CD
465,,Tangrowth,,,,,,,,,,,,,Ev,Ev,E,E,E,C,C,C,C,FSE,FSE,E,E,T,T,T,T,,,CD,CD,C,C,C,—,—
466,,Electivire,,,,,,,,,,,,,DET,DET,ET,ET,ET,DWET,ET,DWET,ET,FSET,FSET,ET,ET,ET,ET,ET,ET,,,CD,CD,ET,T,C,CD,CD
467,,Magmortar,,,,,,,,,,,,,DET,DET,ET,ET,ET,DWET,ET,ET,DWET,FSET,FSET,ET,ET,ET,ET,ET,ET,,,CD,CD,T,ET,C,CD,CD
468,,Togekiss,,,,,,,,,,,,,E,E,E,E,E,DWE,E,E,E,FSE,FSE,E,E,S,S,T,T,,,C,C,E,E,C,—,—
469,,Yanmega,,,,,,,,,,,,,E,E,E,E,E,E,E,C,C,E,E,T,T,T,T,C,C,,,—,—,E,E,C,CD,CD
470,,Leafeon,,,,,,,,,,,,,E,E,E,T,T,DWE,DWE,E,E,E,E,E,E,E,E,E,E,,,C,C,E,E,C,C,C
471,,Glaceon,,,,,,,,,,,,,E,E,E,T,T,DWE,DWE,E,E,E,E,E,E,E,E,E,E,,,C,C,E,E,C,C,C
472,,Gliscor,,,,,,,,,,,,,DE,DE,E,E,T,C,C,C,C,E,E,T,T,T,T,T,T,,,—,—,E,T,C,CD,CCD
473,,Mamoswine,,,,,,,,,,,,,E,E,E,E,E,C,C,C,C,E,E,T,T,E,E,E,E,,,D,D,E,E,C,CD,CD
474,,Porygon-Z,,,,,,,,,,,,,ET,ET,ET,ET,ET,EvE,ET,DRET,DRET,T,T,ET,ET,ET,ET,ET,ET,,,EDT,EDT,ET,ET,C,CD,CD
475,,Gallade,,,,,,,,,,,,,E,E,E,E,E,DWE,E,E,E,E,E,E,E,T,T,E,E,,,C,C,E,E,C,C,C
476,,Probopass,,,,,,,,,,,,,E,E,E,T,T,DWE,DWE,E,E,E,E,E,E,E,E,E,E,,,—,—,E,E,C,CD,CD
477,,Dusknoir,,,,,,,,,,,,,ET,ET,ET,ET,ET,DWET,DWET,DWET,DWET,FSET,FSET,ET,ET,T,T,T,T,,,C,C,ET,ET,C,CD,CD
478,,Froslass,,,,,,,,,,,,,E,E,E,PWE,PWE,DWE,DWE,DWE,DWE,FSE,FSE,E,E,E,E,E,E,,,D,D,E,E,C,C,C
479,,Rotom,,,,,,,,,,,,,C,C,C,T,T,R,R,R,R,C,C,T,T,T,T,S,S,,,C,C,C,C,C,C,C
480,,Uxie,,,,,,,,,,,,,C,C,C,T,T,T,T,C,C,T,T,C,C,T,T,C,C,,,DA,DA,C,C,C,T,T
481,,Mesprit,,,,,,,,,,,,,C,C,C,T,T,T,T,C,C,T,T,C,C,T,T,C,C,,,DA,DA,C,C,C,T,T
482,,Azelf,,,,,,,,,,,,,C,C,C,T,T,T,T,C,C,T,T,C,C,T,T,C,C,,,DA,DA,C,C,C,T,T
483,,Dialga,,,,,,,,,,,,,C,T,C,EV,EV,Ev,Ev,DR,DR,Ev,Ev,Ev,C,T,Ev,C,Ev,,,DA,CCDA,C,T,C,Ev,Ev
484,,Palkia,,,,,,,,,,,,,T,C,C,EV,EV,Ev,Ev,DR,DR,Ev,Ev,C,Ev,Ev,T,Ev,C,,,CCDA,DA,T,C,C,Ev,Ev
485,,Heatran,,,,,,,,,,,,,C,C,C,Ev,Ev,T,T,C,C,T,T,C,C,T,Ev,C,Ev,,,DA,DA,C,C,C,T,T
486,,Regigigas,,,,,,,,,,,,,CC,CC,CC,T,T,T,T,CC,CC,T,T,C,C,Ev,T,Ev,C,,,CCDD,CCDD,C,C,C,T,T
487,,Giratina,,,,,,,,,,,,,C,C,C,EV,EV,Ev,Ev,DR,DR,Ev,Ev,CC,CC,T,T,CC,CC,,,DA,DA,C,C,C,T,T
488,,Cresselia,,,,,,,,,,,,,C,C,C,T,T,Ev,Ev,C,C,T,T,C,C,T,T,C,C,,,DA,DA,C,C,C,T,T
489,,Phione,,,,,,,,,,,,,Ev,Ev,Ev,EvB,EvB,T,T,T,T,EvB,EvB,EvB,EvB,EvB,EvB,EvB,EvB,,,—,—,EvB,EvB,C,T,T
490,,Manaphy,,,,,,,,,,,,,Ev,Ev,Ev,Ev,Ev,T,T,T,T,Ev,Ev,Ev,Ev,Ev,Ev,Ev,Ev,,,—,—,Ev,Ev,C,T,T
491,,Darkrai,,,,,,,,,,,,,Ev,Ev,EV,Ev,Ev,Ev,Ev,T,T,Ev,Ev,Ev,Ev,Ev,Ev,Ev,Ev,,,—,—,EV,EV,CC,Ev,Ev
492,,Shaymin,,,,,,,,,,,,,Ev,Ev,EV,Ev,Ev,Ev,Ev,T,T,Ev,Ev,Ev,Ev,Ev,Ev,Ev,Ev,,,—,—,EV,EV,CC,T,T
493,,Arceus,,,,,,,,,,,,,Ev,Ev,Ev,T,T,Ev,Ev,T,T,Ev,Ev,Ev,Ev,T,T,Ev,Ev,,,—,—,CC,CC,C,T,T
494,,Victini,,,,,,,,,,,,,,,,,,EV,EV,Ev,Ev,Ev,Ev,Ev,Ev,Ev,Ev,T,T,,,Ev,Ev,,,—,—,—
495,,Snivy,,,,,,,,,,,,,,,,,,R,R,R,R,T,T,R,R,B,B,T,T,,,—,—,,,—,CD,CD
496,,Servine,,,,,,,,,,,,,,,,,,E,E,E,E,T,T,E,E,B,B,T,T,,,—,—,,,—,ED,ED
497,,Serperior,,,,,,,,,,,,,,,,,,E,E,E,E,T,T,E,E,S,S,T,T,,,—,—,,,—,ED,ED
498,,Tepig,,,,,,,,,,,,,,,,,,R,R,R,R,T,T,R,R,B,B,T,T,,,—,—,,,—,CD,CD
499,,Pignite,,,,,,,,,,,,,,,,,,E,E,E,E,T,T,E,E,B,B,T,T,,,—,—,,,—,ED,ED
500,,Emboar,,,,,,,,,,,,,,,,,,E,E,E,E,T,T,E,E,S,S,T,T,,,—,—,,,—,ED,ED
501,,Oshawott,,,,,,,,,,,,,,,,,,R,R,R,R,T,T,R,R,B,B,T,T,,,—,—,,,C,CD,CD
502,,Dewott,,,,,,,,,,,,,,,,,,E,E,E,E,T,T,E,E,B,B,T,T,,,—,—,,,C,ED,ED
503,,Samurott,,,,,,,,,,,,,,,,,,E,E,E,E,T,T,E,E,S,S,T,T,,,—,—,,,—,ED,ED
503,,"Samurott
(Hisuian Form)",,,,,,,,,,,,,,,,,,—,—,—,—,—,—,—,—,—,—,—,—,,,—,—,,,C,EV,EV
504,,Patrat,,,,,,,,,,,,,,,,,,C,C,C,C,B,B,T,T,T,T,T,T,,,—,—,,,—,—,—
505,,Watchog,,,,,,,,,,,,,,,,,,C,C,C,C,C,C,T,T,T,T,T,T,,,—,—,,,—,—,—
506,,Lillipup,,,,,,,,,,,,,,,,,,C,C,C,C,FS,FS,C,C,C,C,C,C,,,CD,CD,,,—,—,—
507,,Herdier,,,,,,,,,,,,,,,,,,C,C,C,C,FSE,FSE,E,E,E,E,E,E,,,CD,CD,,,—,—,—
508,,Stoutland,,,,,,,,,,,,,,,,,,C,C,C,C,FSE,FSE,E,E,E,E,E,E,,,CD,CD,,,—,—,—
509,,Purrloin,,,,,,,,,,,,,,,,,,C,C,C,C,FSB,B,T,T,T,T,T,T,,,C,C,,,—,—,—
510,,Liepard,,,,,,,,,,,,,,,,,,C,C,C,C,FS,C,T,T,T,T,T,T,,,C,C,,,—,—,—
511,,Pansage,,,,,,,,,,,,,,,,,,C,C,C,C,C,C,T,T,T,T,T,T,,,—,—,,,—,—,—
512,,Simisage,,,,,,,,,,,,,,,,,,E,E,E,E,E,E,T,T,T,T,T,T,,,—,—,,,—,—,—
513,,Pansear,,,,,,,,,,,,,,,,,,C,C,C,C,C,C,EvB,EvB,T,T,T,T,,,—,—,,,—,—,—
514,,Simisear,,,,,,,,,,,,,,,,,,E,E,E,E,E,E,Ev,Ev,T,T,T,T,,,—,—,,,—,—,—
515,,Panpour,,,,,,,,,,,,,,,,,,C,C,C,C,C,C,T,T,T,T,T,T,,,—,—,,,—,—,—
516,,Simipour,,,,,,,,,,,,,,,,,,E,E,E,E,E,E,T,T,T,T,T,T,,,—,—,,,—,—,—
517,,Munna,,,,,,,,,,,,,,,,,,C,C,C,C,FS,FS,C,C,T,T,T,T,,,C,C,,,—,—,—
518,,Musharna,,,,,,,,,,,,,,,,,,C,C,C,C,FSE,FSE,E,E,T,T,T,T,,,C,C,,,—,—,—
519,,Pidove,,,,,,,,,,,,,,,,,,C,C,C,C,FSB,FSB,C,C,T,T,T,T,,,C,C,,,—,—,—
520,,Tranquill,,,,,,,,,,,,,,,,,,C,C,C,C,FS,FS,E,E,T,T,T,T,,,C,C,,,—,—,—
521,,Unfezant,,,,,,,,,,,,,,,,,,C,C,C,C,FSE,FSE,E,E,T,T,T,T,,,C,C,,,—,—,—
522,,Blitzle,,,,,,,,,,,,,,,,,,C,C,B,B,FSB,FSB,B,B,T,T,T,T,,,—,—,,,—,CD,CD
523,,Zebstrika,,,,,,,,,,,,,,,,,,C,C,C,C,FS,FS,C,C,T,T,T,T,,,—,—,,,—,CD,CD
524,,Roggenrola,,,,,,,,,,,,,,,,,,C,C,C,C,C,C,C,C,C,C,C,C,,,C,C,,,—,—,—
525,,Boldore,,,,,,,,,,,,,,,,,,C,C,C,C,E,E,C,C,C,C,C,C,,,C,C,,,—,—,—
526,,Gigalith,,,,,,,,,,,,,,,,,,ET,ET,R,R,ET,ET,ET,ET,ET,ET,ET,ET,,,C,C,,,—,—,—
527,,Woobat,,,,,,,,,,,,,,,,,,C,C,C,C,C,C,T,T,T,T,T,T,,,C,C,,,—,—,—
528,,Swoobat,,,,,,,,,,,,,,,,,,E,E,E,E,E,E,T,T,T,T,T,T,,,D,D,,,—,—,—
529,,Drilbur,,,,,,,,,,,,,,,,,,C,C,C,C,FSB,FSB,B,B,T,T,T,T,,,C,C,,,—,CD,CD
530,,Excadrill,,,,,,,,,,,,,,,,,,C,C,C,C,FS,FS,C,C,T,T,T,T,,,C,C,,,—,CD,CD
531,,Audino,,,,,,,,,,,,,,,,,,C,C,C,C,C,C,C,C,T,T,C,C,,,CD,CD,,,—,—,—
532,,Timburr,,,,,,,,,,,,,,,,,,C,C,C,C,B,B,C,C,B,B,T,T,,,C,C,,,—,CD,CD
533,,Gurdurr,,,,,,,,,,,,,,,,,,C,C,C,C,C,C,E,E,B,B,T,T,,,C,C,,,—,CD,CD
534,,Conkeldurr,,,,,,,,,,,,,,,,,,ET,ET,ET,ET,ET,ET,ET,ET,S,S,T,T,,,C,C,,,—,CD,CD
535,,Tympole,,,,,,,,,,,,,,,,,,C,C,C,C,FSB,FSB,C,C,T,T,T,T,,,C,C,,,—,—,—
536,,Palpitoad,,,,,,,,,,,,,,,,,,C,C,C,C,FS,FS,E,E,T,T,T,T,,,C,C,,,—,—,—
537,,Seismitoad,,,,,,,,,,,,,,,,,,C,C,C,C,FSE,FSE,E,E,T,T,T,T,,,C,C,,,—,—,—
538,,Throh,,,,,,,,,,,,,,,,,,C,C,C,C,FS,C,C,T,T,T,T,T,,,R,C,,,—,—,—
539,,Sawk,,,,,,,,,,,,,,,,,,C,C,C,C,C,FS,T,C,T,T,T,T,,,C,R,,,—,—,—
540,,Sewaddle,,,,,,,,,,,,,,,,,,C,C,C,C,FSB,FSB,C,C,B,B,B,B,,,—,—,,,—,CD,CD
541,,Swadloon,,,,,,,,,,,,,,,,,,C,C,C,C,FS,FS,E,E,B,B,B,B,,,—,—,,,—,CD,CD
542,,Leavanny,,,,,,,,,,,,,,,,,,C,C,C,C,FSE,FSE,E,E,S,S,S,S,,,—,—,,,—,CD,CD
543,,Venipede,,,,,,,,,,,,,,,,,,C,C,C,C,C,C,T,T,S,S,T,T,,,CD,CD,,,—,—,—
544,,Whirlipede,,,,,,,,,,,,,,,,,,C,C,C,C,E,E,T,T,E,E,T,T,,,DD,DD,,,—,—,—
545,,Scolipede,,,,,,,,,,,,,,,,,,E,E,C,C,E,E,T,T,E,E,T,T,,,CD,CD,,,—,—,—
546,,Cottonee,,,,,,,,,,,,,,,,,,C,R,C,R,T,T,C,C,C,T,C,T,,,C,C,,,—,CD,CD
547,,Whimsicott,,,,,,,,,,,,,,,,,,C,E,C,E,T,T,E,E,E,T,E,T,,,D,D,,,—,CD,CD
548,,Petilil,,,,,,,,,,,,,,,,,,R,C,R,C,FS,FS,C,C,T,C,T,C,,,CD,CD,,,C,C,C
549,,Lilligant,,,,,,,,,,,,,,,,,,E,C,E,C,FSE,FSE,E,E,T,E,T,E,,,CD,CD,,,—,C,C
549,,"Lilligant
(Hisuian Form)",,,,,,,,,,,,,,,,,,—,—,—,—,—,—,—,—,—,—,—,—,,,—,—,,,C,T,T
550,,Basculin,,,,,,,,,,,,,,,,,,C,C,C,C,C,C,T,T,T,T,C,T,,,C,T,,,—,C,C
550,,Basculin,,,,,,,,,,,,,,,,,,C,C,C,C,C,C,T,T,T,T,T,C,,,T,C,,,—,C,C
550,,Basculin,,,,,,,,,,,,,,,,,,—,—,—,—,—,—,—,—,—,—,—,—,,,—,—,,,C,CD,CD
551,,Sandile,,,,,,,,,,,,,,,,,,C,C,C,C,C,C,C,C,C,C,B,B,,,CD,CD,,,—,C,C
552,,Krokorok,,,,,,,,,,,,,,,,,,C,C,C,C,E,E,E,E,E,E,C,C,,,CD,CD,,,—,C,C
553,,Krookodile,,,,,,,,,,,,,,,,,,E,E,E,E,E,E,E,E,E,E,E,E,,,CD,CD,,,—,C,C
554,,Darumaka,,,,,,,,,,,,,,,,,,C,C,C,C,T,T,B,B,T,T,T,T,,,RD,T,,,—,—,—
554,,"Darumaka
(Galarian Form)",,,,,,,,,,,,,,,,,,—,—,—,—,—,—,—,—,—,—,—,—,,,C,T,,,—,—,—
555,,Darmanitan,,,,,,,,,,,,,,,,,,C,C,C,C,T,T,C,C,T,T,T,T,,,ED,T,,,—,—,—
555,,"Darmanitan
(Galarian Form)",,,,,,,,,,,,,,,,,,—,—,—,—,—,—,—,—,—,—,—,—,,,D,T,,,—,—,—
556,,Maractus,,,,,,,,,,,,,,,,,,C,C,C,C,FS,FS,C,C,T,T,T,T,,,C,C,,,—,—,—
557,,Dwebble,,,,,,,,,,,,,,,,,,C,C,C,C,C,C,C,C,T,T,B,B,,,C,C,,,—,—,—
558,,Crustle,,,,,,,,,,,,,,,,,,C,C,C,C,E,E,C,C,T,T,C,C,,,C,C,,,—,—,—
559,,Scraggy,,,,,,,,,,,,,,,,,,C,C,C,C,C,C,C,C,T,T,C,C,,,C,T,,,—,CD,CD
560,,Scrafty,,,,,,,,,,,,,,,,,,E,E,C,C,E,E,E,E,T,T,E,E,,,D,T,,,—,CD,CD
561,,Sigilyph,,,,,,,,,,,,,,,,,,C,C,C,C,C,C,T,T,T,T,C,C,,,C,C,,,—,—,—
562,,Yamask,,,,,,,,,,,,,,,,,,C,C,C,C,T,T,B,B,T,T,EvB,EvB,,,R,R,,,—,—,—
562,,"Yamask
(Galarian Form)",,,,,,,,,,,,,,,,,,—,—,—,—,—,—,—,—,—,—,—,—,,,C,C,,,—,—,—
563,,Cofagrigus,,,,,,,,,,,,,,,,,,C,C,E,E,T,T,C,C,T,T,Ev,Ev,,,DA,DA,,,—,—,—
564,,Tirtouga,,,,,,,,,,,,,,,,,,R,R,R,R,R,R,T,R,R,T,R,R,,,CD,CD,,,—,—,—
565,,Carracosta,,,,,,,,,,,,,,,,,,E,E,E,E,E,E,T,E,E,T,E,E,,,CD,CD,,,—,—,—
566,,Archen,,,,,,,,,,,,,,,,,,R,R,R,R,R,R,R,T,T,R,R,R,,,CD,CD,,,—,—,—
567,,Archeops,,,,,,,,,,,,,,,,,,E,E,E,E,E,E,E,T,T,E,E,E,,,ED,ED,,,—,—,—
568,,Trubbish,,,,,,,,,,,,,,,,,,C,C,C,C,C,C,C,C,C,C,C,C,,,C,C,,,—,—,—
569,,Garbodor,,,,,,,,,,,,,,,,,,C,C,C,C,C,C,E,E,C,C,E,E,,,C,C,,,—,—,—
570,,Zorua,,,,,,,,,,,,,,,,,,EV,EV,R,R,B,B,C,C,T,T,C,C,,,CD,CD,,,—,C,C
570,,"Zorua
(Hisuian Form)",,,,,,,,,,,,,,,,,,—,—,—,—,—,—,—,—,—,—,—,—,,,—,—,,,C,EvB,EvB
571,,Zoroark,,,,,,,,,,,,,,,,,,EV,EV,E,E,C,C,E,E,T,T,C,C,,,CD,CD,,,—,C,C
571,,"Zoroark
(Hisuian Form)",,,,,,,,,,,,,,,,,,—,—,—,—,—,—,—,—,—,—,—,—,,,—,—,,,C,Ev,Ev
572,,Minccino,,,,,,,,,,,,,,,,,,C,C,C,C,FS,FS,C,C,T,T,C,C,,,C,C,,,—,CD,CD
573,,Cinccino,,,,,,,,,,,,,,,,,,C,C,C,C,FSE,FSE,E,E,T,T,E,E,,,C,C,,,—,CD,CD
574,,Gothita,,,,,,,,,,,,,,,,,,C,T,C,EvB,B,B,C,C,S,S,T,T,,,C,T,,,—,C,C
575,,Gothorita,,,,,,,,,,,,,,,,,,C,T,C,Ev,C,C,E,E,E,E,T,T,,,C,T,,,—,C,C
576,,Gothitelle,,,,,,,,,,,,,,,,,,C,T,C,EvE,E,E,E,E,E,E,T,T,,,C,T,,,—,C,C
577,,Solosis,,,,,,,,,,,,,,,,,,T,C,DWB,C,C,C,T,T,B,B,T,T,,,T,C,,,—,CD,CD
578,,Duosion,,,,,,,,,,,,,,,,,,T,C,DW,C,E,E,T,T,S,S,T,T,,,T,C,,,—,CD,CD
579,,Reuniclus,,,,,,,,,,,,,,,,,,T,C,DWE,E,E,E,T,T,E,E,T,T,,,T,C,,,—,CD,CD
580,,Ducklett,,,,,,,,,,,,,,,,,,C,C,C,C,C,C,T,T,T,T,B,B,,,—,—,,,—,CD,CD
581,,Swanna,,,,,,,,,,,,,,,,,,C,C,C,C,E,E,T,T,T,T,C,C,,,—,—,,,—,CD,CD
582,,Vanillite,,,,,,,,,,,,,,,,,,C,C,B,B,C,C,T,T,C,C,C,C,,,C,C,,,—,—,—
583,,Vanillish,,,,,,,,,,,,,,,,,,C,C,C,C,E,E,T,T,C,C,C,C,,,C,C,,,—,—,—
584,,Vanilluxe,,,,,,,,,,,,,,,,,,E,E,C,C,E,E,T,T,E,E,C,C,,,C,C,,,—,—,—
585,,Deerling,,,,,,,,,,,,,,,,,,C,C,C,C,FSB,FSB,C,C,T,T,T,T,,,—,—,,,—,C,C
586,,Sawsbuck,,,,,,,,,,,,,,,,,,C,C,C,C,FS,FS,E,E,T,T,T,T,,,—,—,,,—,C,C
587,,Emolga,,,,,,,,,,,,,,,,,,C,C,C,C,C,C,T,T,C,C,C,C,,,CD,CD,,,—,—,—
588,,Karrablast,,,,,,,,,,,,,,,,,,C,C,C,C,C,C,T,T,T,T,T,T,,,C,C,,,—,—,—
589,,Escavalier,,,,,,,,,,,,,,,,,,ET,ET,ET,ET,ET,ET,T,T,T,T,T,T,,,D,CD,,,—,—,—
590,,Foongus,,,,,,,,,,,,,,,,,,C,C,C,C,C,C,T,T,T,T,T,T,,,CD,CD,,,—,C,C
591,,Amoonguss,,,,,,,,,,,,,,,,,,C,C,C,C,C,C,T,T,T,T,T,T,,,CD,CD,,,—,C,C
592,,Frillish,,,,,,,,,,,,,,,,,,C,C,C,C,T,T,C,C,T,T,C,C,,,C,C,,,—,—,—
593,,Jellicent,,,,,,,,,,,,,,,,,,C,C,C,C,T,T,E,E,T,T,E,E,,,C,C,,,—,—,—
594,,Alomomola,,,,,,,,,,,,,,,,,,C,C,C,C,C,C,C,C,C,C,C,C,,,—,—,,,—,C,C
595,,Joltik,,,,,,,,,,,,,,,,,,C,C,C,C,FSB,FSB,C,C,T,T,T,T,,,C,C,,,—,CD,CD
596,,Galvantula,,,,,,,,,,,,,,,,,,E,E,E,E,FS,FS,E,E,T,T,T,T,,,C,C,,,—,CD,CD
597,,Ferroseed,,,,,,,,,,,,,,,,,,C,C,C,C,C,C,T,T,T,T,T,T,,,C,C,,,—,—,—
598,,Ferrothorn,,,,,,,,,,,,,,,,,,E,E,E,E,E,E,T,T,T,T,T,T,,,C,C,,,—,—,—
599,,Klink,,,,,,,,,,,,,,,,,,C,C,C,C,FSB,FSB,C,C,S,S,T,T,,,C,C,,,—,—,—
600,,Klang,,,,,,,,,,,,,,,,,,E,E,C,C,FS,FS,E,E,E,E,T,T,,,C,C,,,—,—,—
601,,Klinklang,,,,,,,,,,,,,,,,,,E,E,C,C,FSE,FSE,E,E,E,E,T,T,,,C,C,,,—,—,—
602,,Tynamo,,,,,,,,,,,,,,,,,,C,C,C,C,T,T,C,C,B,B,B,B,,,—,—,,,—,C,C
603,,Eelektrik,,,,,,,,,,,,,,,,,,E,E,C,C,T,T,E,E,B,B,B,B,,,—,—,,,—,C,C
604,,Eelektross,,,,,,,,,,,,,,,,,,E,E,E,E,T,T,E,E,S,S,S,S,,,—,—,,,—,C,C
605,,Elgyem,,,,,,,,,,,,,,,,,,C,C,C,C,T,T,C,C,T,T,C,C,,,C,C,,,—,—,—
606,,Beheeyem,,,,,,,,,,,,,,,,,,C,C,E,E,T,T,E,E,T,T,E,E,,,C,C,,,—,—,—
607,,Litwick,,,,,,,,,,,,,,,,,,C,C,C,C,C,C,T,T,S,S,S,S,,,C,C,,,—,CD,CD
608,,Lampent,,,,,,,,,,,,,,,,,,E,E,E,E,E,E,T,T,E,E,E,E,,,C,C,,,—,CD,CD
609,,Chandelure,,,,,,,,,,,,,,,,,,E,E,E,E,E,E,T,T,E,E,E,E,,,C,C,,,—,CD,CD
610,,Axew,,,,,,,,,,,,,,,,,,C,C,C,C,C,C,C,C,S,S,S,S,,,C,C,,,—,C,C
611,,Fraxure,,,,,,,,,,,,,,,,,,C,C,C,C,E,E,E,E,E,E,E,E,,,D,D,,,—,C,C
612,,Haxorus,,,,,,,,,,,,,,,,,,E,E,C,C,E,E,E,E,E,E,E,E,,,C,C,,,—,C,C
613,,Cubchoo,,,,,,,,,,,,,,,,,,C,C,C,C,C,C,C,C,T,T,T,T,,,C,C,,,—,C,C
614,,Beartic,,,,,,,,,,,,,,,,,,C,C,C,C,C,C,E,E,T,T,T,T,,,C,C,,,—,C,C
615,,Cryogonal,,,,,,,,,,,,,,,,,,C,C,C,C,C,C,T,T,T,T,T,T,,,CD,CD,,,—,C,C
616,,Shelmet,,,,,,,,,,,,,,,,,,C,C,C,C,C,C,T,T,T,T,T,T,,,C,C,,,—,—,—
617,,Accelgor,,,,,,,,,,,,,,,,,,ET,ET,ET,ET,ET,ET,T,T,T,T,T,T,,,CD,D,,,—,—,—
618,,Stunfisk,,,,,,,,,,,,,,,,,,C,C,C,C,C,C,T,T,T,T,C,C,,,RD,RD,,,—,—,—
618,,"Stunfisk
(Galarian Form)",,,,,,,,,,,,,,,,,,—,—,—,—,—,—,—,—,—,—,—,—,,,C,C,,,—,—,—
619,,Mienfoo,,,,,,,,,,,,,,,,,,C,C,C,C,C,C,T,T,T,T,C,C,,,CD,CD,,,—,CD,CD
620,,Mienshao,,,,,,,,,,,,,,,,,,C,C,C,C,E,E,T,T,T,T,E,E,,,CD,CD,,,—,CD,CD
621,,Druddigon,,,,,,,,,,,,,,,,,,C,C,C,C,C,C,C,C,T,T,C,C,,,CD,CD,,,—,—,—
622,,Golett,,,,,,,,,,,,,,,,,,C,C,B,B,C,C,T,T,T,T,C,T,,,C,C,,,—,CD,CD
623,,Golurk,,,,,,,,,,,,,,,,,,E,E,C,C,E,E,T,T,T,T,E,T,,,C,C,,,—,CD,CD
624,,Pawniard,,,,,,,,,,,,,,,,,,C,C,C,C,C,C,T,T,T,T,C,C,,,C,C,,,—,C,C
625,,Bisharp,,,,,,,,,,,,,,,,,,C,C,E,E,R,R,T,T,T,T,C,C,,,C,C,,,—,C,C
626,,Bouffalant,,,,,,,,,,,,,,,,,,C,C,C,C,T,T,C,C,T,T,T,T,,,CD,CD,,,—,—,—
627,,Rufflet,,,,,,,,,,,,,,,,,,T,C,T,C,FS,FS,C,C,C,T,C,T,,,C,T,,,C,C,C
628,,Braviary,,,,,,,,,,,,,,,,,,T,C,T,C,FSE,FSE,C,C,C,T,C,T,,,C,T,,,—,C,C
628,,"Braviary
(Hisuian Form)",,,,,,,,,,,,,,,,,,—,—,—,—,—,—,—,—,—,—,—,—,,,—,—,,,C,T,T
629,,Vullaby,,,,,,,,,,,,,,,,,,C,T,C,T,FS,FS,C,C,T,C,T,C,,,T,C,,,—,CD,CD
630,,Mandibuzz,,,,,,,,,,,,,,,,,,C,T,C,T,FSE,FSE,E,E,T,C,T,C,,,T,C,,,—,CD,CD
631,,Heatmor,,,,,,,,,,,,,,,,,,C,C,C,C,C,C,T,T,T,T,T,T,,,C,C,,,—,—,—
632,,Durant,,,,,,,,,,,,,,,,,,C,C,C,C,C,C,T,T,T,T,T,T,,,C,C,,,—,—,—
633,,Deino,,,,,,,,,,,,,,,,,,C,C,B,B,B,B,C,C,S,S,T,T,,,C,T,,,—,C,CC
634,,Zweilous,,,,,,,,,,,,,,,,,,E,E,C,C,C,C,E,E,E,E,T,T,,,C,T,,,—,C,CC
635,,Hydreigon,,,,,,,,,,,,,,,,,,E,E,E,E,C,C,E,E,E,E,T,T,,,D,T,,,—,C,CC
636,,Larvesta,,,,,,,,,,,,,,,,,,R,R,B,B,FS,FS,C,C,T,T,C,C,,,CD,CD,,,—,C,C
637,,Volcarona,,,,,,,,,,,,,,,,,,C,C,C,C,FSE,FSE,E,E,T,T,C,C,,,CD,CD,,,—,C,C
638,,Cobalion,,,,,,,,,,,,,,,,,,C,C,C,C,T,T,C,C,T,T,C,C,,,CD,CD,,,—,CCD,CD
639,,Terrakion,,,,,,,,,,,,,,,,,,C,C,C,C,T,T,C,C,T,T,C,C,,,CD,CD,,,—,CCD,CD
640,,Virizion,,,,,,,,,,,,,,,,,,C,C,C,C,T,T,C,C,T,T,C,C,,,CD,CD,,,—,CCD,CD
641,,Tornadus,,,,,,,,,,,,,,,,,,C,Ev,DR,DR,T,T,C,T,T,Ev,C,Ev,,,DA,CCDA,,,C,T,T
642,,Thundurus,,,,,,,,,,,,,,,,,,Ev,C,DR,DR,T,T,T,C,Ev,T,Ev,C,,,CCDA,DA,,,C,T,T
643,,Reshiram,,,,,,,,,,,,,,,,,,C,Ev,T,C,T,T,C,T,T,Ev,C,Ev,,,DA,CCDA,,,—,CD,CCD
644,,Zekrom,,,,,,,,,,,,,,,,,,Ev,C,C,T,T,T,T,C,Ev,T,Ev,C,,,CCDA,DA,,,—,CCD,CD
645,,Landorus,,,,,,,,,,,,,,,,,,CC,CC,DR,DR,T,T,CC,CC,T,T,CC,CC,,,DA,DA,,,C,T,T
646,,Kyurem,,,,,,,,,,,,,,,,,,C,C,C,C,Ev,Ev,CC,CC,T,T,CC,CC,,,DA,DA,,,—,CCD,CCD
647,,Keldeo,,,,,,,,,,,,,,,,,,Ev,Ev,Ev,Ev,Ev,Ev,Ev,Ev,T,T,T,T,,,CD,CD,,,—,T,T
648,,Meloetta,,,,,,,,,,,,,,,,,,Ev,Ev,Ev,Ev,Ev,Ev,Ev,Ev,Ev,Ev,Ev,Ev,,,—,—,,,—,CD,CD
649,,Genesect,,,,,,,,,,,,,,,,,,Ev,Ev,Ev,Ev,Ev,Ev,Ev,Ev,T,T,T,T,,,Ev,Ev,,,—,—,—
650,,Chespin,,,,,,,,,,,,,,,,,,,,,,R,R,T,T,T,T,B,B,,,—,—,,,—,CD,CD
651,,Quilladin,,,,,,,,,,,,,,,,,,,,,,E,E,T,T,T,T,B,B,,,—,—,,,—,ED,ED
652,,Chesnaught,,,,,,,,,,,,,,,,,,,,,,E,E,T,T,T,T,S,S,,,—,—,,,—,ED,ED
653,,Fennekin,,,,,,,,,,,,,,,,,,,,,,R,R,Ev,Ev,T,T,B,B,,,—,—,,,—,CD,CD
654,,Braixen,,,,,,,,,,,,,,,,,,,,,,E,E,EvE,EvE,T,T,B,B,,,—,—,,,—,ED,ED
655,,Delphox,,,,,,,,,,,,,,,,,,,,,,E,E,EvE,EvE,T,T,S,S,,,—,—,,,—,ED,ED
656,,Froakie,,,,,,,,,,,,,,,,,,,,,,R,R,Ev,Ev,T,T,B,B,,,—,—,,,—,CD,CD
657,,Frogadier,,,,,,,,,,,,,,,,,,,,,,E,E,EvE,EvE,T,T,B,B,,,—,—,,,—,ED,ED
658,,Greninja,,,,,,,,,,,,,,,,,,,,,,E,E,Ev,Ev,Ev,Ev,S,S,,,—,—,,,—,ED,ED
659,,Bunnelby,,,,,,,,,,,,,,,,,,,,,,C,C,T,T,T,T,T,T,,,C,C,,,—,—,—
660,,Diggersby,,,,,,,,,,,,,,,,,,,,,,C,C,T,T,T,T,T,T,,,C,C,,,—,—,—
661,,Fletchling,,,,,,,,,,,,,,,,,,,,,,C,C,T,T,C,C,C,C,,,CD,CD,,,—,C,C
662,,Fletchinder,,,,,,,,,,,,,,,,,,,,,,E,E,T,T,C,C,C,C,,,CD,CD,,,—,C,C
663,,Talonflame,,,,,,,,,,,,,,,,,,,,,,E,E,T,T,R,R,E,E,,,CD,CD,,,—,C,C
664,,Scatterbug,,,,,,,,,,,,,,,,,,,,,,C,C,T,T,T,T,S,S,,,—,—,,,—,C,C
665,,Spewpa,,,,,,,,,,,,,,,,,,,,,,C,C,T,T,T,T,E,E,,,—,—,,,—,C,C
666,,Vivillon,,,,,,,,,,,,,,,,,,,,,,E,E,Ev,Ev,T,T,E,E,,,—,—,,,—,C,C
667,,Litleo,,,,,,,,,,,,,,,,,,,,,,C,C,T,T,T,T,C,C,,,—,—,,,—,C,C
668,,Pyroar,,,,,,,,,,,,,,,,,,,,,,E,E,T,T,T,T,C,C,,,—,—,,,—,C,C
669,,Flabébé,,,,,,,,,,,,,,,,,,,,,,C,C,T,T,T,T,C,C,,,—,—,,,—,C,C
670,,Floette,,,,,,,,,,,,,,,,,,,,,,E,E,T,T,T,T,C,C,,,—,—,,,—,C,C
671,,Florges,,,,,,,,,,,,,,,,,,,,,,E,E,T,T,T,T,E,E,,,—,—,,,—,C,C
672,,Skiddo,,,,,,,,,,,,,,,,,,,,,,C,C,T,T,T,T,T,T,,,—,—,,,—,C,C
673,,Gogoat,,,,,,,,,,,,,,,,,,,,,,E,E,T,T,T,T,T,T,,,—,—,,,—,C,C
674,,Pancham,,,,,,,,,,,,,,,,,,,,,,C,C,Ev,Ev,C,C,C,C,,,C,C,,,—,—,—
675,,Pangoro,,,,,,,,,,,,,,,,,,,,,,E,E,EvE,EvE,C,C,C,C,,,C,C,,,—,—,—
676,,Furfrou,,,,,,,,,,,,,,,,,,,,,,C,C,T,T,T,T,C,C,,,—,—,,,—,—,—
677,,Espurr,,,,,,,,,,,,,,,,,,,,,,C,C,T,T,T,T,T,T,,,C,C,,,—,CD,CD
678,,Meowstic,,,,,,,,,,,,,,,,,,,,,,E,E,T,T,T,T,T,T,,,C,C,,,—,CD,CD
679,,Honedge,,,,,,,,,,,,,,,,,,,,,,C,C,T,T,S,S,S,S,,,C,C,,,—,—,—
680,,Doublade,,,,,,,,,,,,,,,,,,,,,,E,E,T,T,E,E,E,E,,,C,C,,,—,—,—
681,,Aegislash,,,,,,,,,,,,,,,,,,,,,,E,E,T,T,E,E,E,E,,,C,C,,,—,—,—
682,,Spritzee,,,,,,,,,,,,,,,,,,,,,,FS,C,EvB,T,T,T,T,T,,,T,C,,,—,—,—
683,,Aromatisse,,,,,,,,,,,,,,,,,,,,,,FSET,ET,Ev,T,T,T,T,T,,,T,D,,,—,—,—
684,,Swirlix,,,,,,,,,,,,,,,,,,,,,,C,FS,T,T,T,T,T,T,,,C,T,,,—,—,—
685,,Slurpuff,,,,,,,,,,,,,,,,,,,,,,ET,FSET,T,T,T,T,T,T,,,D,T,,,—,—,—
686,,Inkay,,,,,,,,,,,,,,,,,,,,,,C,C,EvB,T,T,T,C,C,,,C,C,,,—,CD,CD
687,,Malamar,,,,,,,,,,,,,,,,,,,,,,E,E,Ev,T,T,T,E,E,,,D,D,,,—,CD,CD
688,,Binacle,,,,,,,,,,,,,,,,,,,,,,C,C,C,C,T,T,B,B,,,C,C,,,—,—,—
689,,Barbaracle,,,,,,,,,,,,,,,,,,,,,,E,E,E,E,T,T,C,C,,,C,C,,,—,—,—
690,,Skrelp,,,,,,,,,,,,,,,,,,,,,,T,C,C,T,T,T,T,B,,,T,CD,,,—,C,CC
691,,Dragalge,,,,,,,,,,,,,,,,,,,,,,T,C,E,T,T,T,T,C,,,T,CD,,,—,C,CC
692,,Clauncher,,,,,,,,,,,,,,,,,,,,,,C,T,T,C,T,T,B,T,,,CD,T,,,—,CC,C
693,,Clawitzer,,,,,,,,,,,,,,,,,,,,,,C,T,T,E,T,T,C,T,,,CD,T,,,—,CC,C
694,,Helioptile,,,,,,,,,,,,,,,,,,,,,,C,C,T,T,T,T,B,B,,,C,C,,,—,—,—
695,,Heliolisk,,,,,,,,,,,,,,,,,,,,,,E,E,T,T,T,T,C,C,,,D,D,,,—,—,—
696,,Tyrunt,,,,,,,,,,,,,,,,,,,,,,R,R,Ev,Ev,T,T,R,R,,,CD,CD,,,—,—,—
697,,Tyrantrum,,,,,,,,,,,,,,,,,,,,,,E,E,EvE,EvE,T,T,E,E,,,CD,CD,,,—,—,—
698,,Amaura,,,,,,,,,,,,,,,,,,,,,,R,R,Ev,Ev,T,T,R,R,,,CD,CD,,,—,—,—
699,,Aurorus,,,,,,,,,,,,,,,,,,,,,,E,E,EvE,EvE,T,T,E,E,,,CD,CD,,,—,—,—
700,,Sylveon,,,,,,,,,,,,,,,,,,,,,,E,E,E,E,E,E,E,E,,,C,C,,,C,C,C
701,,Hawlucha,,,,,,,,,,,,,,,,,,,,,,C,C,T,T,T,T,C,C,,,C,C,,,—,C,C
702,,Dedenne,,,,,,,,,,,,,,,,,,,,,,C,C,T,T,T,T,C,C,,,CD,CD,,,—,C,C
703,,Carbink,,,,,,,,,,,,,,,,,,,,,,C,C,T,T,C,C,C,C,,,CD,CD,,,—,CD,CD
704,,Goomy,,,,,,,,,,,,,,,,,,,,,,C,C,T,T,C,C,C,C,,,T,C,,,C,C,C
705,,Sliggoo,,,,,,,,,,,,,,,,,,,,,,C,C,T,T,C,C,C,C,,,T,C,,,—,C,C
705,,"Sliggoo
(Hisuian Form)",,,,,,,,,,,,,,,,,,,,,,—,—,—,—,—,—,—,—,,,—,—,,,C,T,T
706,,Goodra,,,,,,,,,,,,,,,,,,,,,,E,E,T,T,E,E,E,E,,,T,D,,,—,C,C
706,,"Goodra
(Hisuian Form)",,,,,,,,,,,,,,,,,,,,,,—,—,—,—,—,—,—,—,,,—,—,,,C,T,T
707,,Klefki,,,,,,,,,,,,,,,,,,,,,,C,C,C,C,C,C,C,C,,,CD,CD,,,—,C,C
708,,Phantump,,,,,,,,,,,,,,,,,,,,,,C,C,C,C,C,C,C,C,,,C,C,,,—,CD,CD
709,,Trevenant,,,,,,,,,,,,,,,,,,,,,,C,C,ET,ET,C,C,R,R,,,D,D,,,—,CD,CD
710,,Pumpkaboo,,,,,,,,,,,,,,,,,,,,,,C,C,Ev,Ev,T,T,T,T,,,C,C,,,—,—,—
711,,Gourgeist,,,,,,,,,,,,,,,,,,,,,,ET,ET,EvET,EvET,T,T,T,T,,,C,C,,,—,—,—
712,,Bergmite,,,,,,,,,,,,,,,,,,,,,,C,C,T,T,T,T,T,T,,,C,C,,,C,C,C
713,,Avalugg,,,,,,,,,,,,,,,,,,,,,,E,E,T,T,T,T,T,T,,,C,C,,,—,C,C
713,,"Avalugg
(Hisuian Form)",,,,,,,,,,,,,,,,,,,,,,—,—,—,—,—,—,—,—,,,—,—,,,C,T,T
714,,Noibat,,,,,,,,,,,,,,,,,,,,,,C,C,T,T,T,T,C,C,,,C,C,,,—,C,C
715,,Noivern,,,,,,,,,,,,,,,,,,,,,,E,E,T,T,T,T,C,C,,,C,C,,,—,C,C
716,,Xerneas,,,,,,,,,,,,,,,,,,,,,,C,Ev,Ev,Ev,T,Ev,C,Ev,,,DA,CCDA,,,—,—,—
717,,Yveltal,,,,,,,,,,,,,,,,,,,,,,Ev,C,Ev,Ev,Ev,T,Ev,C,,,CCDA,DA,,,—,—,—
718,,Zygarde,,,,,,,,,,,,,,,,,,,,,,C,C,Ev,Ev,R,R,C,C,,,DA,DA,,,—,—,—
719,,Diancie,,,,,,,,,,,,,,,,,,,,,,Ev,Ev,Ev,Ev,T,T,T,T,,,T,T,,,—,T,T
720,,Hoopa,,,,,,,,,,,,,,,,,,,,,,Ev,Ev,Ev,Ev,Ev,Ev,Ev,Ev,,,—,—,,,—,T,T
721,,Volcanion,,,,,,,,,,,,,,,,,,,,,,Ev,Ev,Ev,Ev,T,T,T,T,,,Ev,Ev,,,—,T,T
722,,Rowlet,,,,,,,,,,,,,,,,,,,,,,,,,,R,R,R,R,,,RD,RD,,,C,CD,CD
723,,Dartrix,,,,,,,,,,,,,,,,,,,,,,,,,,E,E,E,E,,,ED,ED,,,C,ED,ED
724,,Decidueye,,,,,,,,,,,,,,,,,,,,,,,,,,E,E,E,E,,,ED,ED,,,—,ED,ED
724,,"Decidueye
(Hisuian Form)",,,,,,,,,,,,,,,,,,,,,,,,,,—,—,—,—,,,—,—,,,C,EV,EV
725,,Litten,,,,,,,,,,,,,,,,,,,,,,,,,,R,R,R,R,,,RD,RD,,,—,CD,CD
726,,Torracat,,,,,,,,,,,,,,,,,,,,,,,,,,E,E,E,E,,,ED,ED,,,—,ED,ED
727,,Incineroar,,,,,,,,,,,,,,,,,,,,,,,,,,E,E,E,E,,,ED,ED,,,—,ED,ED
728,,Popplio,,,,,,,,,,,,,,,,,,,,,,,,,,R,R,R,R,,,RD,RD,,,—,CD,CD
729,,Brionne,,,,,,,,,,,,,,,,,,,,,,,,,,E,E,E,E,,,ED,ED,,,—,ED,ED
730,,Primarina,,,,,,,,,,,,,,,,,,,,,,,,,,E,E,E,E,,,ED,ED,,,—,ED,ED
731,,Pikipek,,,,,,,,,,,,,,,,,,,,,,,,,,C,C,C,C,,,—,—,,,—,CD,CD
732,,Trumbeak,,,,,,,,,,,,,,,,,,,,,,,,,,C,C,C,C,,,—,—,,,—,CD,CD
733,,Toucannon,,,,,,,,,,,,,,,,,,,,,,,,,,E,E,C,C,,,—,—,,,—,CD,CD
734,,Yungoos,,,,,,,,,,,,,,,,,,,,,,,,,,C,C,C,C,,,—,—,,,—,C,C
735,,Gumshoos,,,,,,,,,,,,,,,,,,,,,,,,,,C,C,C,C,,,—,—,,,—,C,C
736,,Grubbin,,,,,,,,,,,,,,,,,,,,,,,,,,C,C,C,C,,,C,C,,,—,CD,CD
737,,Charjabug,,,,,,,,,,,,,,,,,,,,,,,,,,C,C,C,C,,,C,C,,,—,CD,CD
738,,Vikavolt,,,,,,,,,,,,,,,,,,,,,,,,,,E,E,C,C,,,C,C,,,—,CD,CD
739,,Crabrawler,,,,,,,,,,,,,,,,,,,,,,,,,,C,C,C,C,,,—,—,,,—,C,C
740,,Crabominable,,,,,,,,,,,,,,,,,,,,,,,,,,E,E,E,E,,,—,—,,,—,C,C
741,,Oricorio,,,,,,,,,,,,,,,,,,,,,,,,,,C,C,C,C,,,—,—,,,—,C,C
742,,Cutiefly,,,,,,,,,,,,,,,,,,,,,,,,,,C,C,C,C,,,C,C,,,—,CD,CD
743,,Ribombee,,,,,,,,,,,,,,,,,,,,,,,,,,C,C,C,C,,,C,C,,,—,CD,CD
744,,Rockruff,,,,,,,,,,,,,,,,,,,,,,,,,,C,C,C,C,,,CD,CD,,,—,C,C
745,,Lycanroc,,,,,,,,,,,,,,,,,,,,,,,,,,C,C,C,C,,,CD,CD,,,—,C,C
746,,Wishiwashi,,,,,,,,,,,,,,,,,,,,,,,,,,C,C,C,C,,,C,C,,,—,—,—
747,,Mareanie,,,,,,,,,,,,,,,,,,,,,,,,,,C,C,C,C,,,C,C,,,—,C,C
748,,Toxapex,,,,,,,,,,,,,,,,,,,,,,,,,,E,E,E,E,,,C,C,,,—,C,C
749,,Mudbray,,,,,,,,,,,,,,,,,,,,,,,,,,C,C,C,C,,,C,C,,,—,C,C
750,,Mudsdale,,,,,,,,,,,,,,,,,,,,,,,,,,C,C,C,C,,,C,C,,,—,C,C
751,,Dewpider,,,,,,,,,,,,,,,,,,,,,,,,,,C,C,C,C,,,C,C,,,—,CD,CD
752,,Araquanid,,,,,,,,,,,,,,,,,,,,,,,,,,C,C,C,C,,,C,C,,,—,CD,CD
753,,Fomantis,,,,,,,,,,,,,,,,,,,,,,,,,,C,C,C,C,,,CD,CD,,,—,C,C
754,,Lurantis,,,,,,,,,,,,,,,,,,,,,,,,,,E,E,E,E,,,CD,CD,,,—,C,C
755,,Morelull,,,,,,,,,,,,,,,,,,,,,,,,,,C,C,C,C,,,C,C,,,—,—,—
756,,Shiinotic,,,,,,,,,,,,,,,,,,,,,,,,,,E,E,C,C,,,C,C,,,—,—,—
757,,Salandit,,,,,,,,,,,,,,,,,,,,,,,,,,C,C,C,C,,,C,C,,,—,C,C
758,,Salazzle,,,,,,,,,,,,,,,,,,,,,,,,,,E,E,C,C,,,D,D,,,—,C,C
759,,Stufful,,,,,,,,,,,,,,,,,,,,,,,,,,C,C,C,C,,,C,C,,,—,—,—
760,,Bewear,,,,,,,,,,,,,,,,,,,,,,,,,,C,C,C,C,,,C,C,,,—,—,—
761,,Bounsweet,,,,,,,,,,,,,,,,,,,,,,,,,,C,C,B,B,,,C,C,,,—,C,C
762,,Steenee,,,,,,,,,,,,,,,,,,,,,,,,,,R,R,C,C,,,C,C,,,—,C,C
763,,Tsareena,,,,,,,,,,,,,,,,,,,,,,,,,,E,E,E,E,,,C,C,,,—,C,C
764,,Comfey,,,,,,,,,,,,,,,,,,,,,,,,,,C,C,C,C,,,CD,CD,,,—,CD,CD
765,,Oranguru,,,,,,,,,,,,,,,,,,,,,,,,,,Ev,C,T,C,,,DA,C,,,—,C,CC
766,,Passimian,,,,,,,,,,,,,,,,,,,,,,,,,,C,Ev,C,T,,,C,DA,,,—,CC,C
767,,Wimpod,,,,,,,,,,,,,,,,,,,,,,,,,,C,C,C,C,,,C,C,,,—,—,—
768,,Golisopod,,,,,,,,,,,,,,,,,,,,,,,,,,E,E,E,E,,,C,C,,,—,—,—
769,,Sandygast,,,,,,,,,,,,,,,,,,,,,,,,,,C,C,C,C,,,CD,CD,,,—,C,C
770,,Palossand,,,,,,,,,,,,,,,,,,,,,,,,,,E,E,E,E,,,CD,CD,,,—,C,C
771,,Pyukumuku,,,,,,,,,,,,,,,,,,,,,,,,,,C,C,C,C,,,C,C,,,—,—,—
772,,Type: Null,,,,,,,,,,,,,,,,,,,,,,,,,,R,R,R,R,,,R,R,,,—,—,—
773,,Silvally,,,,,,,,,,,,,,,,,,,,,,,,,,E,E,E,E,,,E,E,,,—,—,—
774,,Minior,,,,,,,,,,,,,,,,,,,,,,,,,,C,C,C,C,,,—,—,,,—,CD,CD
775,,Komala,,,,,,,,,,,,,,,,,,,,,,,,,,C,C,C,C,,,—,—,,,—,C,C
776,,Turtonator,,,,,,,,,,,,,,,,,,,,,,,,,,C,Ev,C,T,,,C,T,,,—,—,—
777,,Togedemaru,,,,,,,,,,,,,,,,,,,,,,,,,,C,C,C,C,,,C,C,,,—,—,—
778,,Mimikyu,,,,,,,,,,,,,,,,,,,,,,,,,,C,C,C,C,,,C,C,,,—,C,C
779,,Bruxish,,,,,,,,,,,,,,,,,,,,,,,,,,C,C,C,C,,,—,—,,,—,C,C
780,,Drampa,,,,,,,,,,,,,,,,,,,,,,,,,,Ev,C,T,C,,,T,C,,,—,—,—
781,,Dhelmise,,,,,,,,,,,,,,,,,,,,,,,,,,C,C,C,C,,,C,C,,,—,—,—
782,,Jangmo-o,,,,,,,,,,,,,,,,,,,,,,,,,,C,C,C,C,,,C,EV,,,—,CD,CD
783,,Hakamo-o,,,,,,,,,,,,,,,,,,,,,,,,,,C,C,C,C,,,C,EVE,,,—,CD,CD
784,,Kommo-o,,,,,,,,,,,,,,,,,,,,,,,,,,C,C,C,C,,,C,EVE,,,—,CD,CD
785,,Tapu Koko,,,,,,,,,,,,,,,,,,,,,,,,,,C,C,C,C,,,DA,DA,,,—,—,—
786,,Tapu Lele,,,,,,,,,,,,,,,,,,,,,,,,,,C,C,C,C,,,DA,DA,,,—,—,—
787,,Tapu Bulu,,,,,,,,,,,,,,,,,,,,,,,,,,C,C,C,C,,,DA,DA,,,—,—,—
788,,Tapu Fini,,,,,,,,,,,,,,,,,,,,,,,,,,C,C,C,C,,,DA,DA,,,—,—,—
789,,Cosmog,,,,,,,,,,,,,,,,,,,,,,,,,,R,R,R,R,,,RD,RD,,,—,T,T
790,,Cosmoem,,,,,,,,,,,,,,,,,,,,,,,,,,E,E,E,E,,,ED,ED,,,—,T,T
791,,Solgaleo,,,,,,,,,,,,,,,,,,,,,,,,,,C,T,C,T,,,DA,CCDA,,,—,CD,CCD
792,,Lunala,,,,,,,,,,,,,,,,,,,,,,,,,,T,C,T,C,,,CCDA,DA,,,—,CCD,CD
793,,Nihilego,,,,,,,,,,,,,,,,,,,,,,,,,,C,C,C,C,,,DA,DA,,,—,—,—
794,,Buzzwole,,,,,,,,,,,,,,,,,,,,,,,,,,C,T,C,T,,,DA,DA,,,—,—,—
795,,Pheromosa,,,,,,,,,,,,,,,,,,,,,,,,,,T,C,T,C,,,DA,DA,,,—,—,—
796,,Xurkitree,,,,,,,,,,,,,,,,,,,,,,,,,,C,C,C,C,,,DA,DA,,,—,—,—
797,,Celesteela,,,,,,,,,,,,,,,,,,,,,,,,,,T,C,T,C,,,DA,DA,,,—,—,—
798,,Kartana,,,,,,,,,,,,,,,,,,,,,,,,,,C,T,C,T,,,DA,DA,,,—,—,—
799,,Guzzlord,,,,,,,,,,,,,,,,,,,,,,,,,,C,C,C,C,,,DA,DA,,,—,—,—
800,,Necrozma,,,,,,,,,,,,,,,,,,,,,,,,,,C,C,C,C,,,DA,DA,,,—,CCD,CCD
801,,Magearna,,,,,,,,,,,,,,,,,,,,,,,,,,EV,EV,EV,EV,,,T,T,,,—,T,T
802,,Marshadow,,,,,,,,,,,,,,,,,,,,,,,,,,Ev,Ev,Ev,Ev,,,Ev,Ev,,,—,—,—
803,,Poipole,,,,,,,,,,,,,,,,,,,,,,,,,,—,—,R,R,,,RD,RD,,,—,—,—
804,,Naganadel,,,,,,,,,,,,,,,,,,,,,,,,,,—,—,E,E,,,ED,ED,,,—,—,—
805,,Stakataka,,,,,,,,,,,,,,,,,,,,,,,,,,—,—,T,C,,,DA,DA,,,—,—,—
806,,Blacephalon,,,,,,,,,,,,,,,,,,,,,,,,,,—,—,C,T,,,DA,DA,,,—,—,—
807,,Zeraora,,,,,,,,,,,,,,,,,,,,,,,,,,—,—,Ev,Ev,,,Ev,Ev,,,—,—,—
810,,Grookey,,,,,,,,,,,,,,,,,,,,,,,,,,,,,,,,R,R,,,,CD,CD
811,,Thwackey,,,,,,,,,,,,,,,,,,,,,,,,,,,,,,,,E,E,,,,ED,ED
812,,Rillaboom,,,,,,,,,,,,,,,,,,,,,,,,,,,,,,,,E,E,,,,ED,ED
813,,Scorbunny,,,,,,,,,,,,,,,,,,,,,,,,,,,,,,,,R,R,,,,CD,CD
814,,Raboot,,,,,,,,,,,,,,,,,,,,,,,,,,,,,,,,E,E,,,,ED,ED
815,,Cinderace,,,,,,,,,,,,,,,,,,,,,,,,,,,,,,,,E,E,,,,ED,ED
816,,Sobble,,,,,,,,,,,,,,,,,,,,,,,,,,,,,,,,R,R,,,,CD,CD
817,,Drizzile,,,,,,,,,,,,,,,,,,,,,,,,,,,,,,,,E,E,,,,ED,ED
818,,Inteleon,,,,,,,,,,,,,,,,,,,,,,,,,,,,,,,,E,E,,,,ED,ED
819,,Skwovet,,,,,,,,,,,,,,,,,,,,,,,,,,,,,,,,C,C,,,,C,C
820,,Greedent,,,,,,,,,,,,,,,,,,,,,,,,,,,,,,,,C,C,,,,C,C
821,,Rookidee,,,,,,,,,,,,,,,,,,,,,,,,,,,,,,,,C,C,,,,C,C
822,,Corvisquire,,,,,,,,,,,,,,,,,,,,,,,,,,,,,,,,C,C,,,,C,C
823,,Corviknight,,,,,,,,,,,,,,,,,,,,,,,,,,,,,,,,C,C,,,,C,C
824,,Blipbug,,,,,,,,,,,,,,,,,,,,,,,,,,,,,,,,C,C,,,,—,—
825,,Dottler,,,,,,,,,,,,,,,,,,,,,,,,,,,,,,,,C,C,,,,—,—
826,,Orbeetle,,,,,,,,,,,,,,,,,,,,,,,,,,,,,,,,C,C,,,,—,—
827,,Nickit,,,,,,,,,,,,,,,,,,,,,,,,,,,,,,,,C,C,,,,—,—
828,,Thievul,,,,,,,,,,,,,,,,,,,,,,,,,,,,,,,,C,C,,,,—,—
829,,Gossifleur,,,,,,,,,,,,,,,,,,,,,,,,,,,,,,,,C,C,,,,—,—
830,,Eldegoss,,,,,,,,,,,,,,,,,,,,,,,,,,,,,,,,C,C,,,,—,—
831,,Wooloo,,,,,,,,,,,,,,,,,,,,,,,,,,,,,,,,C,C,,,,—,—
832,,Dubwool,,,,,,,,,,,,,,,,,,,,,,,,,,,,,,,,C,C,,,,—,—
833,,Chewtle,,,,,,,,,,,,,,,,,,,,,,,,,,,,,,,,C,C,,,,C,C
834,,Drednaw,,,,,,,,,,,,,,,,,,,,,,,,,,,,,,,,C,C,,,,C,C
835,,Yamper,,,,,,,,,,,,,,,,,,,,,,,,,,,,,,,,C,C,,,,—,—
836,,Boltund,,,,,,,,,,,,,,,,,,,,,,,,,,,,,,,,C,C,,,,—,—
837,,Rolycoly,,,,,,,,,,,,,,,,,,,,,,,,,,,,,,,,C,C,,,,C,C
838,,Carkol,,,,,,,,,,,,,,,,,,,,,,,,,,,,,,,,C,C,,,,C,C
839,,Coalossal,,,,,,,,,,,,,,,,,,,,,,,,,,,,,,,,C,C,,,,C,C
840,,Applin,,,,,,,,,,,,,,,,,,,,,,,,,,,,,,,,C,C,,,,C,C
841,,Flapple,,,,,,,,,,,,,,,,,,,,,,,,,,,,,,,,D,T,,,,C,C
842,,Appletun,,,,,,,,,,,,,,,,,,,,,,,,,,,,,,,,T,D,,,,C,C
843,,Silicobra,,,,,,,,,,,,,,,,,,,,,,,,,,,,,,,,C,C,,,,C,C
844,,Sandaconda,,,,,,,,,,,,,,,,,,,,,,,,,,,,,,,,C,C,,,,C,C
845,,Cramorant,,,,,,,,,,,,,,,,,,,,,,,,,,,,,,,,C,C,,,,CD,CCD
846,,Arrokuda,,,,,,,,,,,,,,,,,,,,,,,,,,,,,,,,C,C,,,,C,C
847,,Barraskewda,,,,,,,,,,,,,,,,,,,,,,,,,,,,,,,,C,C,,,,C,C
848,,Toxel,,,,,,,,,,,,,,,,,,,,,,,,,,,,,,,,C,C,,,,C,C
849,,Toxtricity,,,,,,,,,,,,,,,,,,,,,,,,,,,,,,,,D,D,,,,C,C
850,,Sizzlipede,,,,,,,,,,,,,,,,,,,,,,,,,,,,,,,,C,C,,,,—,—
851,,Centiskorch,,,,,,,,,,,,,,,,,,,,,,,,,,,,,,,,D,D,,,,—,—
852,,Clobbopus,,,,,,,,,,,,,,,,,,,,,,,,,,,,,,,,C,C,,,,—,—
853,,Grapploct,,,,,,,,,,,,,,,,,,,,,,,,,,,,,,,,C,C,,,,—,—
854,,Sinistea,,,,,,,,,,,,,,,,,,,,,,,,,,,,,,,,C,C,,,,C,C
855,,Polteageist,,,,,,,,,,,,,,,,,,,,,,,,,,,,,,,,D,D,,,,C,C
856,,Hatenna,,,,,,,,,,,,,,,,,,,,,,,,,,,,,,,,C,C,,,,C,C
857,,Hattrem,,,,,,,,,,,,,,,,,,,,,,,,,,,,,,,,C,C,,,,C,C
858,,Hatterene,,,,,,,,,,,,,,,,,,,,,,,,,,,,,,,,C,C,,,,C,C
859,,Impidimp,,,,,,,,,,,,,,,,,,,,,,,,,,,,,,,,C,C,,,,C,C
860,,Morgrem,,,,,,,,,,,,,,,,,,,,,,,,,,,,,,,,C,C,,,,C,C
861,,Grimmsnarl,,,,,,,,,,,,,,,,,,,,,,,,,,,,,,,,C,C,,,,C,C
862,,Obstagoon,,,,,,,,,,,,,,,,,,,,,,,,,,,,,,,,C,C,,,,—,—
863,,Perrserker,,,,,,,,,,,,,,,,,,,,,,,,,,,,,,,,C,C,,,,E,E
864,,Cursola,,,,,,,,,,,,,,,,,,,,,,,,,,,,,,,,T,D,,,,—,—
865,,Sirfetch'd,,,,,,,,,,,,,,,,,,,,,,,,,,,,,,,,D,T,,,,—,—
866,,Mr. Rime,,,,,,,,,,,,,,,,,,,,,,,,,,,,,,,,D,D,,,,—,—
867,,Runerigus,,,,,,,,,,,,,,,,,,,,,,,,,,,,,,,,D,D,,,,—,—
868,,Milcery,,,,,,,,,,,,,,,,,,,,,,,,,,,,,,,,C,C,,,,CD,CD
869,,Alcremie,,,,,,,,,,,,,,,,,,,,,,,,,,,,,,,,D,D,,,,CD,CD
870,,Falinks,,,,,,,,,,,,,,,,,,,,,,,,,,,,,,,,C,C,,,,C,C
871,,Pincurchin,,,,,,,,,,,,,,,,,,,,,,,,,,,,,,,,C,C,,,,C,C
872,,Snom,,,,,,,,,,,,,,,,,,,,,,,,,,,,,,,,C,C,,,,C,C
873,,Frosmoth,,,,,,,,,,,,,,,,,,,,,,,,,,,,,,,,D,D,,,,C,C
874,,Stonjourner,,,,,,,,,,,,,,,,,,,,,,,,,,,,,,,,C,T,,,,C,CC
875,,Eiscue,,,,,,,,,,,,,,,,,,,,,,,,,,,,,,,,T,C,,,,CC,C
876,,Indeedee,,,,,,,,,,,,,,,,,,,,,,,,,,,,,,,,C,C,,,,C,C
877,,Morpeko,,,,,,,,,,,,,,,,,,,,,,,,,,,,,,,,C,C,,,,CCD,CD
878,,Cufant,,,,,,,,,,,,,,,,,,,,,,,,,,,,,,,,C,C,,,,C,C
879,,Copperajah,,,,,,,,,,,,,,,,,,,,,,,,,,,,,,,,C,C,,,,C,C
880,,Dracozolt,,,,,,,,,,,,,,,,,,,,,,,,,,,,,,,,R,R,,,,—,—
881,,Arctozolt,,,,,,,,,,,,,,,,,,,,,,,,,,,,,,,,R,R,,,,—,—
882,,Dracovish,,,,,,,,,,,,,,,,,,,,,,,,,,,,,,,,R,R,,,,—,—
883,,Arctovish,,,,,,,,,,,,,,,,,,,,,,,,,,,,,,,,R,R,,,,—,—
884,,Duraludon,,,,,,,,,,,,,,,,,,,,,,,,,,,,,,,,C,C,,,,CD,CD
885,,Dreepy,,,,,,,,,,,,,,,,,,,,,,,,,,,,,,,,C,C,,,,CC,C
886,,Drakloak,,,,,,,,,,,,,,,,,,,,,,,,,,,,,,,,C,C,,,,CC,C
887,,Dragapult,,,,,,,,,,,,,,,,,,,,,,,,,,,,,,,,D,D,,,,CC,C
888,,Zacian,,,,,,,,,,,,,,,,,,,,,,,,,,,,,,,,C,T,,,,T,T
889,,Zamazenta,,,,,,,,,,,,,,,,,,,,,,,,,,,,,,,,T,C,,,,T,T
890,,Eternatus,,,,,,,,,,,,,,,,,,,,,,,,,,,,,,,,C,C,,,,T,T
891,,Kubfu,,,,,,,,,,,,,,,,,,,,,,,,,,,,,,,,RD,RD,,,,CD,CD
892,,Urshifu,,,,,,,,,,,,,,,,,,,,,,,,,,,,,,,,ED,ED,,,,ED,ED
893,,Zarude,,,,,,,,,,,,,,,,,,,,,,,,,,,,,,,,Ev,Ev,,,,T,T
894,,Regieleki,,,,,,,,,,,,,,,,,,,,,,,,,,,,,,,,CD,CD,,,,T,T
895,,Regidrago,,,,,,,,,,,,,,,,,,,,,,,,,,,,,,,,CD,CD,,,,T,T
896,,Glastrier,,,,,,,,,,,,,,,,,,,,,,,,,,,,,,,,CD,CD,,,,CD,CCD
897,,Spectrier,,,,,,,,,,,,,,,,,,,,,,,,,,,,,,,,CD,CD,,,,CCD,CD
898,,Calyrex,,,,,,,,,,,,,,,,,,,,,,,,,,,,,,,,CD,CD,,,,T,T
899,,Wyrdeer,,,,,,,,,,,,,,,,,,,,,,,,,,,,,,,,,,,,C,T,T
900,,Kleavor,,,,,,,,,,,,,,,,,,,,,,,,,,,,,,,,,,,,C,CD,CD
901,,Ursaluna,,,,,,,,,,,,,,,,,,,,,,,,,,,,,,,,,,,,C,T,T
901,,"Ursaluna
(Bloodmoon)",,,,,,,,,,,,,,,,,,,,,,,,,,,,,,,,,,,,—,CD,CD
902,,Basculegion,,,,,,,,,,,,,,,,,,,,,,,,,,,,,,,,,,,,C,CD,CD
903,,Sneasler,,,,,,,,,,,,,,,,,,,,,,,,,,,,,,,,,,,,C,T,T
904,,Overqwil,,,,,,,,,,,,,,,,,,,,,,,,,,,,,,,,,,,,C,CD,CD
905,,Enamorus,,,,,,,,,,,,,,,,,,,,,,,,,,,,,,,,,,,,C,T,T
906,,Sprigatito,,,,,,,,,,,,,,,,,,,,,,,,,,,,,,,,,,,,,R,R
907,,Floragato,,,,,,,,,,,,,,,,,,,,,,,,,,,,,,,,,,,,,E,E
908,,Meowscarada,,,,,,,,,,,,,,,,,,,,,,,,,,,,,,,,,,,,,E,E
909,,Fuecoco,,,,,,,,,,,,,,,,,,,,,,,,,,,,,,,,,,,,,R,R
910,,Crocalor,,,,,,,,,,,,,,,,,,,,,,,,,,,,,,,,,,,,,E,E
911,,Skeledirge,,,,,,,,,,,,,,,,,,,,,,,,,,,,,,,,,,,,,E,E
912,,Quaxly,,,,,,,,,,,,,,,,,,,,,,,,,,,,,,,,,,,,,R,R
913,,Quaxwell,,,,,,,,,,,,,,,,,,,,,,,,,,,,,,,,,,,,,E,E
914,,Quaquaval,,,,,,,,,,,,,,,,,,,,,,,,,,,,,,,,,,,,,E,E
915,,Lechonk,,,,,,,,,,,,,,,,,,,,,,,,,,,,,,,,,,,,,C,C
916,,Oinkologne,,,,,,,,,,,,,,,,,,,,,,,,,,,,,,,,,,,,,C,C
917,,Tarountula,,,,,,,,,,,,,,,,,,,,,,,,,,,,,,,,,,,,,C,C
918,,Spidops,,,,,,,,,,,,,,,,,,,,,,,,,,,,,,,,,,,,,C,C
919,,Nymble,,,,,,,,,,,,,,,,,,,,,,,,,,,,,,,,,,,,,C,C
920,,Lokix,,,,,,,,,,,,,,,,,,,,,,,,,,,,,,,,,,,,,C,C
921,,Pawmi,,,,,,,,,,,,,,,,,,,,,,,,,,,,,,,,,,,,,C,C
922,,Pawmo,,,,,,,,,,,,,,,,,,,,,,,,,,,,,,,,,,,,,C,C
923,,Pawmot,,,,,,,,,,,,,,,,,,,,,,,,,,,,,,,,,,,,,C,C
924,,Tandemaus,,,,,,,,,,,,,,,,,,,,,,,,,,,,,,,,,,,,,C,C
925,,Maushold,,,,,,,,,,,,,,,,,,,,,,,,,,,,,,,,,,,,,C,C
926,,Fidough,,,,,,,,,,,,,,,,,,,,,,,,,,,,,,,,,,,,,C,C
927,,Dachsbun,,,,,,,,,,,,,,,,,,,,,,,,,,,,,,,,,,,,,C,C
928,,Smoliv,,,,,,,,,,,,,,,,,,,,,,,,,,,,,,,,,,,,,C,C
929,,Dolliv,,,,,,,,,,,,,,,,,,,,,,,,,,,,,,,,,,,,,C,C
930,,Arboliva,,,,,,,,,,,,,,,,,,,,,,,,,,,,,,,,,,,,,C,C
931,,Squawkabilly,,,,,,,,,,,,,,,,,,,,,,,,,,,,,,,,,,,,,C,C
932,,Nacli,,,,,,,,,,,,,,,,,,,,,,,,,,,,,,,,,,,,,C,C
933,,Naclstack,,,,,,,,,,,,,,,,,,,,,,,,,,,,,,,,,,,,,C,C
934,,Garganacl,,,,,,,,,,,,,,,,,,,,,,,,,,,,,,,,,,,,,C,C
935,,Charcadet,,,,,,,,,,,,,,,,,,,,,,,,,,,,,,,,,,,,,C,C
936,,Armarouge,,,,,,,,,,,,,,,,,,,,,,,,,,,,,,,,,,,,,C,CC
937,,Ceruledge,,,,,,,,,,,,,,,,,,,,,,,,,,,,,,,,,,,,,CC,C
938,,Tadbulb,,,,,,,,,,,,,,,,,,,,,,,,,,,,,,,,,,,,,C,C
939,,Bellibolt,,,,,,,,,,,,,,,,,,,,,,,,,,,,,,,,,,,,,C,C
940,,Wattrel,,,,,,,,,,,,,,,,,,,,,,,,,,,,,,,,,,,,,C,C
941,,Kilowattrel,,,,,,,,,,,,,,,,,,,,,,,,,,,,,,,,,,,,,C,C
942,,Maschiff,,,,,,,,,,,,,,,,,,,,,,,,,,,,,,,,,,,,,C,C
943,,Mabosstiff,,,,,,,,,,,,,,,,,,,,,,,,,,,,,,,,,,,,,C,C
944,,Shroodle,,,,,,,,,,,,,,,,,,,,,,,,,,,,,,,,,,,,,C,C
945,,Grafaiai,,,,,,,,,,,,,,,,,,,,,,,,,,,,,,,,,,,,,C,C
946,,Bramblin,,,,,,,,,,,,,,,,,,,,,,,,,,,,,,,,,,,,,C,C
947,,Brambleghast,,,,,,,,,,,,,,,,,,,,,,,,,,,,,,,,,,,,,C,C
948,,Toedscool,,,,,,,,,,,,,,,,,,,,,,,,,,,,,,,,,,,,,C,C
949,,Toedscruel,,,,,,,,,,,,,,,,,,,,,,,,,,,,,,,,,,,,,C,C
950,,Klawf,,,,,,,,,,,,,,,,,,,,,,,,,,,,,,,,,,,,,C,C
951,,Capsakid,,,,,,,,,,,,,,,,,,,,,,,,,,,,,,,,,,,,,C,C
952,,Scovillain,,,,,,,,,,,,,,,,,,,,,,,,,,,,,,,,,,,,,C,C
953,,Rellor,,,,,,,,,,,,,,,,,,,,,,,,,,,,,,,,,,,,,C,C
954,,Rabsca,,,,,,,,,,,,,,,,,,,,,,,,,,,,,,,,,,,,,C,C
955,,Flittle,,,,,,,,,,,,,,,,,,,,,,,,,,,,,,,,,,,,,C,C
956,,Espathra,,,,,,,,,,,,,,,,,,,,,,,,,,,,,,,,,,,,,C,C
957,,Tinkatink,,,,,,,,,,,,,,,,,,,,,,,,,,,,,,,,,,,,,C,C
958,,Tinkatuff,,,,,,,,,,,,,,,,,,,,,,,,,,,,,,,,,,,,,C,C
959,,Tinkaton,,,,,,,,,,,,,,,,,,,,,,,,,,,,,,,,,,,,,C,C
960,,Wiglett,,,,,,,,,,,,,,,,,,,,,,,,,,,,,,,,,,,,,C,C
961,,Wugtrio,,,,,,,,,,,,,,,,,,,,,,,,,,,,,,,,,,,,,C,C
962,,Bombirdier,,,,,,,,,,,,,,,,,,,,,,,,,,,,,,,,,,,,,C,C
963,,Finizen,,,,,,,,,,,,,,,,,,,,,,,,,,,,,,,,,,,,,C,C
964,,Palafin,,,,,,,,,,,,,,,,,,,,,,,,,,,,,,,,,,,,,C,C
965,,Varoom,,,,,,,,,,,,,,,,,,,,,,,,,,,,,,,,,,,,,C,C
966,,Revavroom,,,,,,,,,,,,,,,,,,,,,,,,,,,,,,,,,,,,,C,C
967,,Cyclizar,,,,,,,,,,,,,,,,,,,,,,,,,,,,,,,,,,,,,C,C
968,,Orthworm,,,,,,,,,,,,,,,,,,,,,,,,,,,,,,,,,,,,,C,C
969,,Glimmet,,,,,,,,,,,,,,,,,,,,,,,,,,,,,,,,,,,,,C,C
970,,Glimmora,,,,,,,,,,,,,,,,,,,,,,,,,,,,,,,,,,,,,C,C
971,,Greavard,,,,,,,,,,,,,,,,,,,,,,,,,,,,,,,,,,,,,C,C
972,,Houndstone,,,,,,,,,,,,,,,,,,,,,,,,,,,,,,,,,,,,,C,C
973,,Flamigo,,,,,,,,,,,,,,,,,,,,,,,,,,,,,,,,,,,,,C,C
974,,Cetoddle,,,,,,,,,,,,,,,,,,,,,,,,,,,,,,,,,,,,,C,C
975,,Cetitan,,,,,,,,,,,,,,,,,,,,,,,,,,,,,,,,,,,,,C,C
976,,Veluza,,,,,,,,,,,,,,,,,,,,,,,,,,,,,,,,,,,,,C,C
977,,Dondozo,,,,,,,,,,,,,,,,,,,,,,,,,,,,,,,,,,,,,C,C
978,,Tatsugiri,,,,,,,,,,,,,,,,,,,,,,,,,,,,,,,,,,,,,C,C
979,,Annihilape,,,,,,,,,,,,,,,,,,,,,,,,,,,,,,,,,,,,,C,C
980,,Clodsire,,,,,,,,,,,,,,,,,,,,,,,,,,,,,,,,,,,,,C,C
981,,Farigiraf,,,,,,,,,,,,,,,,,,,,,,,,,,,,,,,,,,,,,C,C
982,,Dudunsparce,,,,,,,,,,,,,,,,,,,,,,,,,,,,,,,,,,,,,C,C
983,,Kingambit,,,,,,,,,,,,,,,,,,,,,,,,,,,,,,,,,,,,,C,C
984,,Great Tusk,,,,,,,,,,,,,,,,,,,,,,,,,,,,,,,,,,,,,C,CC
985,,Scream Tail,,,,,,,,,,,,,,,,,,,,,,,,,,,,,,,,,,,,,C,CC
986,,Brute Bonnet,,,,,,,,,,,,,,,,,,,,,,,,,,,,,,,,,,,,,C,CC
987,,Flutter Mane,,,,,,,,,,,,,,,,,,,,,,,,,,,,,,,,,,,,,C,CC
988,,Slither Wing,,,,,,,,,,,,,,,,,,,,,,,,,,,,,,,,,,,,,C,CC
989,,Sandy Shocks,,,,,,,,,,,,,,,,,,,,,,,,,,,,,,,,,,,,,C,CC
990,,Iron Treads,,,,,,,,,,,,,,,,,,,,,,,,,,,,,,,,,,,,,CC,C
991,,Iron Bundle,,,,,,,,,,,,,,,,,,,,,,,,,,,,,,,,,,,,,CC,C
992,,Iron Hands,,,,,,,,,,,,,,,,,,,,,,,,,,,,,,,,,,,,,CC,C
993,,Iron Jugulis,,,,,,,,,,,,,,,,,,,,,,,,,,,,,,,,,,,,,CC,C
994,,Iron Moth,,,,,,,,,,,,,,,,,,,,,,,,,,,,,,,,,,,,,CC,C
995,,Iron Thorns,,,,,,,,,,,,,,,,,,,,,,,,,,,,,,,,,,,,,CC,C
996,,Frigibax,,,,,,,,,,,,,,,,,,,,,,,,,,,,,,,,,,,,,C,C
997,,Arctibax,,,,,,,,,,,,,,,,,,,,,,,,,,,,,,,,,,,,,C,C
998,,Baxcalibur,,,,,,,,,,,,,,,,,,,,,,,,,,,,,,,,,,,,,C,C
999,,Gimmighoul,,,,,,,,,,,,,,,,,,,,,,,,,,,,,,,,,,,,,C,C
1000,,Gholdengo,,,,,,,,,,,,,,,,,,,,,,,,,,,,,,,,,,,,,E,E
1001,,Wo-Chien,,,,,,,,,,,,,,,,,,,,,,,,,,,,,,,,,,,,,C,C
1002,,Chien-Pao,,,,,,,,,,,,,,,,,,,,,,,,,,,,,,,,,,,,,C,C
1003,,Ting-Lu,,,,,,,,,,,,,,,,,,,,,,,,,,,,,,,,,,,,,C,C
1004,,Chi-Yu,,,,,,,,,,,,,,,,,,,,,,,,,,,,,,,,,,,,,C,C
1005,,Roaring Moon,,,,,,,,,,,,,,,,,,,,,,,,,,,,,,,,,,,,,C,CC
1006,,Iron Valiant,,,,,,,,,,,,,,,,,,,,,,,,,,,,,,,,,,,,,CC,C
1007,,Koraidon,,,,,,,,,,,,,,,,,,,,,,,,,,,,,,,,,,,,,C,T
1008,,Miraidon,,,,,,,,,,,,,,,,,,,,,,,,,,,,,,,,,,,,,T,C
1009,,Walking Wake,,,,,,,,,,,,,,,,,,,,,,,,,,,,,,,,,,,,,EV,CCEV
1010,,Iron Leaves,,,,,,,,,,,,,,,,,,,,,,,,,,,,,,,,,,,,,CCEV,EV
1011,,Dipplin,,,,,,,,,,,,,,,,,,,,,,,,,,,,,,,,,,,,,CD,CD
1012,,Poltchageist,,,,,,,,,,,,,,,,,,,,,,,,,,,,,,,,,,,,,CD,CD
1013,,Sinistcha,,,,,,,,,,,,,,,,,,,,,,,,,,,,,,,,,,,,,CD,CD
1014,,Okidogi,,,,,,,,,,,,,,,,,,,,,,,,,,,,,,,,,,,,,CD,CD
1015,,Munkidori,,,,,,,,,,,,,,,,,,,,,,,,,,,,,,,,,,,,,CD,CD
1016,,Fezandipiti,,,,,,,,,,,,,,,,,,,,,,,,,,,,,,,,,,,,,CD,CD
1017,,Ogerpon,,,,,,,,,,,,,,,,,,,,,,,,,,,,,,,,,,,,,CD,CD
1018,,Archaludon,,,,,,,,,,,,,,,,,,,,,,,,,,,,,,,,,,,,,ED,ED
1019,,Hydrapple,,,,,,,,,,,,,,,,,,,,,,,,,,,,,,,,,,,,,ED,ED
1020,,Gouging Fire,,,,,,,,,,,,,,,,,,,,,,,,,,,,,,,,,,,,,CD,T
1021,,Raging Bolt,,,,,,,,,,,,,,,,,,,,,,,,,,,,,,,,,,,,,CD,T
1022,,Iron Boulder,,,,,,,,,,,,,,,,,,,,,,,,,,,,,,,,,,,,,T,CD
1023,,Iron Crown,,,,,,,,,,,,,,,,,,,,,,,,,,,,,,,,,,,,,T,CD
1024,,Terapagos,,,,,,,,,,,,,,,,,,,,,,,,,,,,,,,,,,,,,CD,CD
1025,,Pecharunt,,,,,,,,,,,,,,,,,,,,,,,,,,,,,,,,,,,,,EVD,EVD